"B_mean_avail","B_wind_max_220_mh","B_dist_to_cog","B_dist_port_to_catch_area_zero","B_dummy_prev_days","B_dummy_prev_year_days","B_unem_rate","B_d_d","c_wa","c_dcrb","c_psdn","B_mean_price_part","B_mean_price_crab","B_mean_price_slmn","w_psdn","w_nanc","w_dcrb","w_slmn","w_cmck","asc_cba_psdn","asc_clo_psdn","asc_clw_psdn","asc_cwa_psdn","asc_clo_nanc","asc_clw_nanc","asc_cwa_nanc","asc_clo_cmck","asc_cwa_dcrb","asc_nps_sock","lambda_part","lambda_nanc","lambda_psdn","asc_no_participation","w_nopart","B_mean_price_no_part","B_d_cd","c_no_participation","logLike"
2.644470685,-0.053544855,-0.005031342,-0.041128757,3.830752559,0.357975917,0.308451246,-2.167032891,-2,-0.054878375,-2,5.06739679,0.043895077,9.655251413,0.013194131,-0.564314631,-0.429897764,0.745138133,0.289790648,-4.890922758,-5.851518457,-5.699567827,-5.122527109,-7.346081123,-2,-5.829847731,-7.063104142,-6.075525308,-2,0.5,0.5,0.5,0,0,0,-2,0,-19801.9039635547
2.644470685,-0.053544855,-0.005031342,-0.041128757,3.830752559,0.357975917,0.308451246,-2.167032891,-2,-0.054878375,-2,5.06739679,0.043895077,9.655251413,0.013194131,-0.564314631,-0.429897764,0.745138133,0.289790648,-4.890922758,-5.851518457,-5.699567827,-5.122527109,-7.346081123,-2,-5.829847731,-7.063104142,-6.075525308,-2,0.5,0.5,0.5,0,0,0,-2,0,-19801.9039635547
2.644470685,-0.053544855,-0.005031342,-0.041128757,3.830752559,0.357975917,0.308451246,-2.167032891,-2,-0.054878375,-2,5.06739679,0.043895077,9.655251413,0.013194131,-0.564314631,-0.429897764,0.745138133,0.289790648,-4.890922758,-5.851518457,-5.699567827,-5.122527109,-7.346081123,-2,-5.829847731,-7.063104142,-6.075525308,-2,0.5,0.5,0.5,0,0,0,-2,0,-19801.9039635547
2.644470685,-0.053544855,-0.005031342,-0.041128757,3.830752559,0.357975917,0.308451246,-2.167032891,-2,-0.054878375,-2,5.06739679,0.043895077,9.655251413,0.013194131,-0.564314631,-0.429897764,0.745138133,0.289790648,-4.890922758,-5.851518457,-5.699567827,-5.122527109,-7.346081123,-2,-5.829847731,-7.063104142,-6.075525308,-2,0.5,0.5,0.5,0,0,0,-2,0,-19801.9039635547
2.64420334082882,-0.0625405168677825,-0.117710673321269,-0.0341092252973772,3.83151850529884,0.358558266278033,0.304316578551301,-2.16771511632049,-2.00000000000186,-0.0548725882681608,-2.00000000143424,5.06621304409052,0.0439933087533344,9.65465941931978,0.0133206016607908,-0.564583923945042,-0.429894800390007,0.745046198527678,0.289793719764484,-4.89090949256907,-5.85131912867059,-5.69945540160937,-5.12242091182164,-7.34604129296913,-2.00135636822321,-5.82942452280428,-7.06309595037162,-6.07551295423329,-2.00031867005303,0.503381422020495,0.503300840573385,0.500073239713907,0,0,0,-2.00015840646438,0,-10451.3717210073
2.64148097351414,-0.139387821842628,-0.116773866244666,0.19148578974728,3.8453973354403,0.366471830352104,0.272735748177908,-2.17933309213949,-2.00000080540815,-0.0547240086897638,-2.00000186440836,5.04722701309874,0.04670074163717,9.65306073825115,0.0162526415665925,-0.569225663564461,-0.429809478767282,0.744830727086122,0.289870771676628,-4.89057381559971,-5.84631567980481,-5.69664172830882,-5.12051808330241,-7.34503988422078,-2.02287366431729,-5.82518643024951,-7.06289047693133,-6.07517030113494,-2.00118035874592,0.596873646429422,0.584371970335092,0.521006945571467,0,0,0,-2.00066471190423,0,-9217.92304898829
2.64087745037008,-0.15519413611967,-0.115707428118106,0.188012589674815,3.84811206669779,0.367935577839984,0.264431831970629,-2.18072920343028,-2.00000266003822,-0.0546863695180987,-2.00004453895506,5.0437726531892,0.0473886583893863,9.6527747057437,0.0165785445068035,-0.569967999421272,-0.429787767005181,0.744794450113128,0.289888865630759,-4.89049091971787,-5.84642693408761,-5.69594931382802,-5.12003616756363,-7.34480592695414,-2.0268263171227,-5.82403461923681,-7.06284222610311,-6.07508321360394,-2.00133461020244,0.61194838992994,0.602178829208014,0.529705044127799,0,0,0,-2.00076091132824,0,-8926.67253864301
2.64091298889506,-0.119109915991119,-0.117755843227561,0.181617385054111,3.86313773337812,0.377712149374511,0.270421898687702,-2.17927674722642,-2.00002276141562,-0.0544758969520557,-2.00019317763338,5.03332143553928,0.0512436711733449,9.65087795602737,0.018250978429134,-0.571481365928698,-0.429666212954341,0.744538976571038,0.289967926886313,-4.89009472233203,-5.84667288343725,-5.69267282750676,-5.11739135950206,-7.34384276170502,-2.04113207102284,-5.81529979884285,-7.06263139465092,-6.07459510109353,-2.00235702835311,0.661343412811324,0.656182141043439,0.557518445756268,0,0,0,-2.00136654490975,0,-8519.3084595218
2.63148735543496,-0.0442179733196134,-0.115668192303726,0.124072465245443,4.01958513632766,0.480715593287324,0.181232715926232,-2.18930426354994,-2.00073902092413,-0.0503062507282447,-2.00393487801034,4.85726568789703,0.127650300536723,9.62684140266747,0.0410709727707393,-0.601154465151928,-0.427252623584573,0.741686841898554,0.290884620267216,-4.88424630830983,-5.84877147623191,-5.64575867980889,-5.07657812373201,-7.33523657760242,-2.26588505532746,-5.70486993133734,-7.06018684304234,-6.06491888573254,-2.01532666627378,0.993323652511371,0.504775228109235,0.385585239893686,0,0,0,-2.00995638613807,0,-8039.28884563774
2.62048332275806,0.0042624147977178,-0.110072400539649,0.109473378869488,4.29558438686341,0.654186959658036,0.0793019723969462,-2.18708147799856,-2.00487347813739,-0.0433679926931133,-2.00713287979822,4.5717279409779,0.25445970607213,9.57087088670626,0.0846749577899447,-0.647223821540537,-0.423247819832307,0.734455535829982,0.291663282150532,-4.87136220453178,-5.85959675699705,-5.55701931686257,-4.99619713223525,-7.31746561433067,-2.64001913703552,-5.52431074419295,-7.05810949826371,-6.04885494914901,-2.04550641031338,0.942400585156175,0.492737052836521,0.294505863984329,0,0,0,-2.02849871869181,0,-7402.92568584542
2.59944960450469,0.0827873977092866,-0.0995422708027076,0.0933419017277426,4.90967959123554,1.03994843011966,-0.103362542821925,-2.1710734366614,-2.01537785261486,-0.0280526247685264,-2.01414739057919,3.94694754812265,0.534324045819715,9.43701244686443,0.184107983964961,-0.747540756774779,-0.414409251608562,0.716868423220016,0.293495740505815,-4.83993255370124,-5.88428898538705,-5.36420844266424,-4.80661552626032,-7.27839863564247,-3.46034299565494,-5.13092870974512,-7.05322091111444,-6.01337206672959,-2.11767364693136,0.860668752235371,0.30299831497023,0.355112899739498,0,0,0,-2.07212375620577,0,-6690.08575878412
2.60469816417227,0.0132200585452506,-0.0978901007933288,0.0801350497507786,4.98277869499908,1.07754464970514,0.0670260082563478,-2.10605627556309,-2.02047806240086,-0.0287630737383467,-2.01993868857333,3.84886661536746,0.530267708594762,9.35883006793571,0.2043813996319,-0.752027782907762,-0.414487206626712,0.705363280479407,0.294937503039005,-4.8236745248284,-5.87986610194812,-5.36430964784782,-4.73836149479166,-7.28756464995816,-3.60601425794225,-5.00613527382246,-7.04937589297418,-6.01276457475733,-2.15977421630749,0.870058018564052,0.29142152749749,0.324519607376637,0,0,0,-2.09410775323119,0,-6531.33685373137
2.49380222121317,0.0282314273722352,-0.0712681685685403,0.0507457247832789,3.79472163942338,-0.201971080503835,0.161848634239064,-0.964632146736798,-2.15587756140162,-0.0887694611427523,-2.23512361000514,2.33650108283508,0.0466597155845656,7.10413745187232,0.280887633515685,-0.754349884530853,-0.431696764369405,0.351121762483004,0.341082898063923,-4.35296941755861,-5.57440450258735,-6.30314099471199,-3.66654051719573,-7.8228020764109,-5.79689344846342,-2.30426694818435,-6.9263045892812,-6.03638907327874,-3.37319333270632,0.843619237388994,0.162330966234471,0.336300467204668,0,0,0,-2.67811553781481,0,-4435.89058557569
2.49378742290697,0.0277237639938363,-0.0657464552207141,0.0500607370200566,3.79472440785265,-0.201982705256658,0.161648201451321,-0.964645793179707,-2.15587758915364,-0.088768342834819,-2.2351248899767,2.3364632446468,0.0466800271788544,7.10413651996105,0.280885735722887,-0.754360780871331,-0.431696117220822,0.351121769397795,0.341083233263495,-4.35296545919357,-5.57442144115395,-6.30313175986002,-3.66654048722791,-7.82280326552775,-5.79693387264214,-2.30425960638334,-6.92630368764704,-6.03638650233977,-3.37319383079831,0.843631299505381,0.162643636850407,0.336485091148633,0,0,0,-2.67811554050661,0,-4194.91563013582
2.49337970270799,0.0103065617542446,-0.0645750712760956,0.0279959402180854,3.79342136435958,-0.203090890046848,0.154605591515792,-0.965121684690014,-2.15587832921764,-0.0887405022600798,-2.23516142344276,2.33616015225833,0.0471777232005546,7.10379790177152,0.280814566013261,-0.754656093595987,-0.431680168694261,0.351064218489223,0.341091894309821,-4.35286242485761,-5.57491771564341,-6.30286310859371,-3.66658685512515,-7.82279441747149,-5.79689022980457,-2.30526117833655,-6.92628038510957,-6.03632359866085,-3.37337481689038,0.843910528809337,0.164562774496192,0.340366493229899,0,0,0,-2.67811592215838,0,-3966.11027480162
2.49243748333687,-0.0461887602592191,-0.0635261864488041,0.0475800448367509,3.7889150261735,-0.207859324150189,0.137419759773715,-0.969230108807941,-2.15588277581592,-0.0885760559545708,-2.23522820960563,2.33498617371262,0.0501581474786418,7.1020089772574,0.281207921856575,-0.756184153067444,-0.431585305615922,0.350754927250848,0.34114003261221,-4.35228267369822,-5.5750282519486,-6.30136000471842,-3.66675519625157,-7.82074400230355,-5.79663115916321,-2.31245033778378,-6.92615107499017,-6.0359466760333,-3.3743309688934,0.845380850700853,0.169973653442034,0.363311557431411,0,0,0,-2.67811844819005,0,-3759.80491632623
2.49663282443023,-0.0274436135910857,-0.0667098841591031,0.0310218042940655,3.73050637721394,-0.276539544183745,0.211565459478027,-0.951951211846584,-2.15600838730512,-0.0845764694645919,-2.23598392784621,2.36450098310469,0.123637170957263,7.05871530077501,0.297828522399993,-0.774451887246681,-0.429268542815596,0.342719022860012,0.342296837320404,-4.34044580451096,-5.57765930373461,-6.25552719275179,-3.65461339706952,-7.80273471655863,-5.75012918664891,-2.43358624849922,-6.92304294929406,-6.02664577870397,-3.39747075774946,0.896549441641492,0.226465246237446,0.711343122338759,0,0,0,-2.67817512805569,0,-3571.05688774253
2.49691007536108,-0.0300824881354868,-0.0651255338053089,0.0295028391877447,3.7198556982947,-0.289836121792174,0.219854459531086,-0.951109537775599,-2.15604620049921,-0.0836451163811654,-2.23621234055376,2.36760921645233,0.140741227232989,7.04868515477777,0.301550055100684,-0.779054074876474,-0.428730172527347,0.340853262462885,0.342563322802482,-4.33874302651069,-5.57741858893507,-6.24567969001791,-3.6507673841539,-7.79710187104874,-5.74362072557374,-2.46035810823466,-6.92232881682704,-6.0244792463067,-3.40283171303787,0.906675254040636,0.2004550729957,0.720309278122134,0,0,0,-2.67818810368299,0,-3544.46646717775
2.49195157766704,-0.0307000012596314,-0.0639913028199443,0.0280053093854531,3.67754206451328,-0.350322404619199,0.233025608629597,-0.950080332736033,-2.15634653528962,-0.0770413684420924,-2.2379244439176,2.35702619578661,0.261907911287895,6.95242114887638,0.329476249558968,-0.812191801122178,-0.42492159468912,0.322774161761367,0.344497883644852,-4.32723797736855,-5.57164451521166,-6.17297143367427,-3.6215887776613,-7.74273361325916,-5.7447175499707,-2.62186017290161,-6.91715643654855,-6.0091161692769,-3.45428330989166,0.973873402563878,0.229637077926459,0.687038680721524,0,0,0,-2.6783152202519,0,-3435.80566483719
2.48451722488539,-0.0179141081901657,-0.0628094363346653,0.0279085510832419,3.663404650337,-0.365441365554644,0.205556499642295,-0.946612441383389,-2.15691600364894,-0.0793318865395395,-2.24022584981264,2.35613535490164,0.222145584165944,6.86838453803045,0.346026290763543,-0.824219685016124,-0.426257223929123,0.307078878902537,0.345547048674845,-4.316494457671,-5.56745357858175,-6.12085680798519,-3.60413643768613,-7.71269496295629,-5.74828093893085,-2.70458786651564,-6.91448212468468,-6.01346853254917,-3.49919956016267,0.980204733001182,0.228697972021484,0.684174230443626,0,0,0,-2.67843956959438,0,-3394.79388379465
2.40515519572131,-0.155263074463798,-0.0508022060859913,0.00683365234666506,3.58912824934843,-0.348695763437858,0.545439791363151,-0.667105084857924,-2.16726038042787,-0.108493746057422,-2.27859028391464,2.42685460635275,-0.307957925161113,5.53231224407493,0.566999036712273,-0.90097980171317,-0.444118669677199,0.063222555749126,0.359791258479931,-4.14801220610857,-5.47095392733343,-5.37127449703988,-3.38966017363151,-7.38131775624658,-5.78805668123823,-3.63326344172863,-6.87900015373131,-6.07138205637592,-4.21330927699756,0.859861590843636,0.261812643602105,0.568320298868782,0,0,0,-2.68050896346718,0,-3144.36978330146
2.39287180308732,-0.151685471246016,-0.0490864079223181,0.00701807258220496,3.57595166553183,-0.319127426741521,0.529760664436032,-0.622686954870362,-2.16893509683128,-0.107547675643894,-2.28591199004534,2.43161681411238,-0.295479246710537,5.35187421931332,0.574288032964774,-0.890795339696151,-0.44383567159763,0.0314680355158205,0.361426570547652,-4.1235757157935,-5.45572566266762,-5.29933008940168,-3.38614040100074,-7.35833042949572,-5.80237716830163,-3.6894204818904,-6.87504769564727,-6.06906229431297,-4.30975061704169,0.799103386321378,0.243179698737982,0.575587962018242,0,0,0,-2.68079954555066,0,-3092.42705442217
2.35648989091776,-0.146562391090258,-0.0450324081882119,0.0084840095768386,3.50963073029259,-0.237201402424822,0.498097028616671,-0.500086927129783,-2.17277917172574,-0.10615184245591,-2.30437851769149,2.42174702664223,-0.285388338676977,4.88592782037452,0.565866744010052,-0.840180033009168,-0.443835675855837,-0.0476259298478719,0.369023771085791,-4.05700656202722,-5.41376803628431,-5.1559612744156,-3.40489785260265,-7.2842805189704,-5.87645366368902,-3.74849787150152,-6.85541999214996,-6.06590796952308,-4.55879210797095,0.809346489388388,0.182341165446847,0.601295683120255,0,0,0,-2.68153632895476,0,-2973.7416477932
2.29469662569986,-0.138798481094088,-0.0347710095061512,0.0238981636300326,2.96195837227631,-0.279171906266489,0.458678485451647,-0.185857765766899,-2.18332021390149,-0.106147534503721,-2.35734527909473,2.51077774731966,-0.337339674586624,3.97193346142409,0.421995739815308,-0.63544224507082,-0.446355706426045,-0.185712982481094,0.38737598337842,-3.88211575527405,-5.33325836483341,-4.98256774190772,-3.60711356295595,-7.07949751000845,-5.85524203836041,-3.85158916680173,-6.80781100603891,-6.0679746128679,-5.04731109156505,0.697223005105367,0.16991679764964,0.550319885428863,0,0,0,-2.68303552881844,0,-2789.46542648264
2.29485342104672,-0.137705928720285,-0.0334203440797829,0.0221379014198679,2.89385524107896,-0.279000596566153,0.468651989005075,-0.174809307270139,-2.185352631629,-0.105840141358481,-2.36731076686529,2.50065393919034,-0.343651219279556,3.84530737347901,0.379614259091681,-0.585498220419553,-0.446708583645961,-0.201437379777262,0.391339765925906,-3.84639643419425,-5.3463384036277,-4.96690407774573,-3.64988167881547,-6.97555263024365,-5.87798431510122,-3.87454128532094,-6.79731792897896,-6.06798615987262,-5.11499296744391,0.660398004057039,0.160461893212932,0.551129289800143,0,0,0,-2.68327726224978,0,-2755.82659742201
2.4593599434491,-0.132549185782037,-0.0242436778061449,0.0216595210203643,2.40352979113243,0.414603058896966,0.450517285527655,-0.336096598773234,-2.20387854037398,-0.0966753920513013,-2.45014212983735,2.72378958874268,-0.338086564444405,3.19677969422002,0.053769938234894,-0.132789733744927,-0.447931873576094,-0.239968905947601,0.455861165439741,-3.44133182286454,-5.66417178972213,-5.06476745420757,-3.62773214051409,-6.55478777682638,-5.59981680669477,-4.26482241394331,-6.62346119804778,-6.05881932205818,-5.46175307592214,0.664876012866354,0.175646351797198,0.507736214589618,0,0,0,-2.68613762190669,0,-2710.2251683345
3.34129903345663,-0.123487852278336,-0.0150909508266434,0.0490602981590161,2.05368635497829,-0.00454375975510241,0.498264436613893,-0.925588726496013,-2.28777493061107,-0.0539522578708054,-2.68354081867891,2.70455276197922,-0.342270386122275,1.84128913380886,-0.456852040251954,0.705225424420964,-0.453610138610732,-0.0873976467030121,0.779197318403126,-1.49126174398058,-7.23026411888303,-4.40272265947786,-3.76590404982884,-6.78705878265095,-5.40632081270981,-4.34206139265406,-5.73719745496806,-6.02090939048196,-6.18735710906444,0.629368067266953,0.234827482881375,0.368479262707816,0,0,0,-2.69978329496749,0,-2649.80404428055
3.71371459139762,-0.113151601058974,-0.0125326439207382,0.0523767441550951,1.45181117667516,0.126889890608322,0.58293598387825,-1.02633187947076,-2.32788436087236,-0.0353322545489773,-2.80620705537691,2.27573126495189,-0.380106309865186,1.44814376877588,-0.453317601396239,0.500774073293457,-0.457701069790082,0.0583033582561895,0.925250956836958,-0.601727988147736,-7.76966197140827,-4.18991694835266,-3.75638246815517,-6.91632408227947,-5.61835743802545,-4.39540590239281,-5.32289029215579,-6.00586709415259,-6.3983322991004,0.485837575126992,0.2155600129028,0.357695370577464,0,0,0,-2.70557967196475,0,-2587.23570363697
4.04397687968204,-0.0996053746593673,-0.0118665495484051,0.051790879813102,1.22572167682543,0.198855189661614,0.577771076399755,-0.939748696233691,-2.39726102838618,-0.0112899170294934,-3.35228824431737,1.79695087752011,-0.381967758650876,1.31702467377278,-0.747814186046525,0.455231922639524,-0.464800742905901,0.372106728365271,1.00120297276093,-1.21279575133199,-7.67294153399485,-3.79338663941532,-3.80131953828675,-6.92119451601185,-5.59831100903107,-4.48558105964929,-4.78340466327407,-5.96218360928695,-6.473210433702,0.430118285267473,0.205025223006428,0.378060805630674,0,0,0,-2.71267339953936,0,-2521.48541347072
4.42809170331191,-0.0874201707177778,-0.0102057782851363,0.0508904190370081,1.25369977542276,0.124829870918417,0.516471378115557,-0.760816505494021,-2.47170374256919,0.0158024854275804,-3.90698988108389,1.43893790060726,-0.359899827544895,1.05338219275608,-0.58102720392898,0.18884842776813,-0.471757193642054,0.687972874306689,0.753609170765696,-1.65841566950409,-7.51650113177369,-3.92607509746192,-3.83745531058515,-6.64645754090127,-5.3104115505961,-4.45423037250885,-4.55229754289829,-5.91062555414347,-6.6211918967703,0.406476951991152,0.194101614274165,0.395198561121113,0,0,0,-2.72072724025503,0,-2394.8784085862
4.45883293457282,-0.0799476726185041,-0.00989886080545154,0.0495672884886717,1.23097204231285,0.204321430532408,0.479932973453928,-0.655889632416452,-2.49350168091153,0.0204235142465212,-4.00769099417904,1.27274353314625,-0.341515767709152,1.09997626944272,-0.43349064551162,0.277011485792575,-0.475013943728135,0.790042637209388,0.4026685526025,-1.71587688048459,-7.34928826708361,-3.73938327965148,-4.08225709799284,-6.55555444011685,-5.2418290949579,-4.51526829023486,-4.75979057244802,-5.88214043295682,-6.61005856125855,0.429990287566302,0.18886105842593,0.399376604042912,0,0,0,-2.72434404240776,0,-2364.6247384895
4.4147872107879,-0.0786908766809991,-0.00994652943507865,0.048366224764372,1.2470685367711,0.199222558908909,0.479869720783758,-0.625079632026721,-2.49551867638263,0.0192449042913445,-3.99796869603066,1.21866957483133,-0.341606246322371,1.10747435357145,-0.44848494971762,0.306639661912478,-0.475745839667244,0.791503100464575,0.360281558301453,-1.70426629337905,-7.29032785829979,-3.77172072286074,-4.0987280338657,-6.56232169630812,-5.24501356746952,-4.55923479984386,-4.78398743578791,-5.87643609801553,-6.61080967143096,0.425236916839667,0.187287933595438,0.402075255751847,0,0,0,-2.72505398542426,0,-2353.3368424688
3.97840871815902,-0.0708854283918178,-0.00989159405258541,0.0404797246920497,1.45649525414658,0.249840966152416,0.470007110557814,-0.461575933022611,-2.50417685966337,0.00331658409879278,-3.80524799359462,1.09667108796144,-0.331184648812315,1.16613524999714,-0.551517345840752,0.13952808909731,-0.479128678946625,0.710000566240419,0.328825338074056,-1.65373772302414,-6.98005456680724,-3.94585804890121,-4.62952323940841,-6.51122649712609,-5.17870774969294,-4.82464949687562,-4.76217437231763,-5.83563663825755,-6.62260788352549,0.425804747737818,0.182678078245562,0.407330306757683,0,0,0,-2.73035759547675,0,-2303.4305880889
3.9331317397546,-0.0702909965623714,-0.00986052454896867,0.04078408308754,1.45103304042786,0.246256984889654,0.468812567280699,-0.442638886421988,-2.5042012077727,0.000326954664530882,-3.76163905492544,1.10576461176166,-0.327054489069574,1.17344091076349,-0.54371701427998,0.12703191625174,-0.479206586581409,0.684360042934638,0.336611152492743,-1.68098839784743,-6.9805177261848,-3.95687996862781,-4.63227880189035,-6.48705772333248,-5.18930930760585,-4.82239142686944,-4.77679827910299,-5.83101731068202,-6.62531942366221,0.419450821987859,0.181687725655851,0.408579369978159,0,0,0,-2.73107438720143,0,-2296.61404574498
3.9226727508457,-0.0698428263302035,-0.009809054566593,0.0404977905033498,1.44615895759529,0.244867107250024,0.467071248023904,-0.424453596420578,-2.50507927391522,-0.00152475061097716,-3.73286202815261,1.10122367937281,-0.325943823710338,1.17677110533709,-0.513794682797352,0.139709368524498,-0.478890254653409,0.677503455837088,0.325742280315932,-1.70561049587299,-6.96486319455928,-3.97277489837642,-4.64640362332691,-6.4712214355084,-5.19802475335,-4.82971326699312,-4.75084669290921,-5.82945611529558,-6.62908051491987,0.414315453734633,0.180799275996384,0.409745415043769,0,0,0,-2.73185502825924,0,-2292.81867218258
3.92413082159623,-0.0697945390647436,-0.009793682833588,0.0405946585972788,1.44643577891741,0.244404570609203,0.465537674336611,-0.413408796435509,-2.505531268762,-0.00204190638639074,-3.72263422142428,1.0997050747834,-0.325863185628194,1.17762032771423,-0.515582435252979,0.137280789088899,-0.478632205129802,0.678860878764464,0.318228973942988,-1.71274573169865,-6.95946466705451,-3.97604386055646,-4.64890541632562,-6.46423371930373,-5.19919498733649,-4.83200828605024,-4.74768840936749,-5.82925100857399,-6.63080713561522,0.413470542772567,0.180559580962841,0.40999202140935,0,0,0,-2.73217721535127,0,-2291.58344629772
3.92239143234323,-0.0697221970836223,-0.00978091513456295,0.0402865159158354,1.44495156650937,0.243564225025376,0.466224225298092,-0.413439528130919,-2.50615996120906,-0.00217934295164892,-3.71818080516151,1.09779345645468,-0.32584497720318,1.17650109194552,-0.515804472129768,0.134978497641999,-0.478354026623616,0.680947294871167,0.317318854204529,-1.71874561421312,-6.94995707224707,-3.97934793812298,-4.65138294689428,-6.46023308309373,-5.19966815408677,-4.83237390458004,-4.75174986250938,-5.82948000010749,-6.63388039289649,0.412542813555627,0.180410463512479,0.410314642477703,0,0,0,-2.73243791326765,0,-2290.59660698826
3.88878134393617,-0.0694309424876634,-0.00974100295311666,0.0405929361160682,1.44565565112662,0.242326074117303,0.462705407861011,-0.373711217268518,-2.51176182620068,-0.0015484899622997,-3.70267086168662,1.07848557466134,-0.324236288735045,1.18431938838538,-0.502258030596415,0.139591617943818,-0.476591989087879,0.699695214391762,0.337728167077248,-1.7454264078095,-6.9314154820891,-3.99368161971931,-4.66293500617783,-6.43261520742621,-5.19370668228106,-4.83975711132087,-4.77708074260663,-5.83295567885338,-6.64845264950072,0.411634656136322,0.17916839100474,0.411096994947434,0,0,0,-2.73405084018712,0,-2284.96808520089
3.88087059590836,-0.0693962482880039,-0.00973843735724309,0.0406082176025168,1.44495507505879,0.241899216176225,0.462953608320065,-0.37079590277538,-2.51264644075352,-0.0013823636132829,-3.7021363477362,1.07820910004819,-0.323902318993508,1.18583639952786,-0.502298415062135,0.138207933362488,-0.476277432478447,0.698141776109087,0.332564717967996,-1.74946655050545,-6.93080464363893,-3.99578626302193,-4.66378628342886,-6.42995556875383,-5.19491485941032,-4.84035732461546,-4.77684326845883,-5.83386588848725,-6.65117463135849,0.411240694807786,0.179005470101443,0.411150216173131,0,0,0,-2.73430247884875,0,-2284.22722886891
3.88078901957953,-0.069395035819387,-0.00973810943447955,0.0406085835351315,1.44494260498795,0.241881893603982,0.462924648102576,-0.370565866756815,-2.51267294883363,-0.00138066860559343,-3.70209083191737,1.07824683865087,-0.323885651837129,1.18595659232495,-0.502269803570263,0.138186969861622,-0.476265947533864,0.698028396869041,0.332558531254417,-1.74958972811653,-6.93061066609289,-3.99585937099341,-4.66381787357883,-6.42976613800382,-5.19500241287826,-4.84040127057846,-4.77686208540623,-5.83392177988021,-6.65128353275796,0.411218394309442,0.178997185359892,0.411150365364726,0,0,0,-2.73431626754153,0,-2284.19670748215
3.88066346247902,-0.0693930852035658,-0.0097377998323878,0.0406080884515226,1.44491689796855,0.241872087025171,0.462918868529978,-0.370452485307268,-2.51269878364213,-0.00139263717590861,-3.70192814908525,1.07818949280888,-0.323869058646214,1.1859827542666,-0.502237706507323,0.13816849229701,-0.47625819943015,0.698168268360926,0.332520803427981,-1.74974904823955,-6.93052039764757,-3.9959204930519,-4.66385138450425,-6.42964685047342,-5.19499279616384,-4.8404122704814,-4.7768754554158,-5.83398244904019,-6.65140217583757,0.411197907159115,0.178990891906325,0.411148692418607,0,0,0,-2.73432560174948,0,-2284.17144821781
3.88056917173125,-0.0693916089264925,-0.00973747341879786,0.0406076831774755,1.44489072824536,0.241859168231854,0.462908904842128,-0.370291347184492,-2.5127383612302,-0.00139125168255348,-3.70182087515076,1.0780684320979,-0.323853739281296,1.18606867710453,-0.502215484879964,0.1381496960658,-0.476245796304068,0.698020897570329,0.332486888009745,-1.74991282345529,-6.930381256854,-3.99598754607151,-4.66389536581331,-6.42949413234552,-5.19494544807498,-4.84042016055472,-4.77691459531563,-5.83407439449978,-6.65153518658968,0.411184317601017,0.178983180876758,0.41114527892917,0,0,0,-2.73433902504791,0,-2284.14146725781
3.88029720479123,-0.0693892193057645,-0.00973707317833151,0.0406079601391158,1.44485398384256,0.241831306190234,0.462883258535467,-0.370018670358686,-2.5127879822339,-0.00138098063566488,-3.70176131452983,1.0781406958471,-0.323823281569554,1.18620058852408,-0.50216881915334,0.138117513014751,-0.476227970880297,0.69811175929291,0.332428793745456,-1.75008519851389,-6.93013270359889,-3.9960761089134,-4.6639045392075,-6.42923191194018,-5.19506035008355,-4.840450536558,-4.77692089511757,-5.83421847339298,-6.65170537872089,0.411152594481584,0.178971133666873,0.41113938263238,0,0,0,-2.7343567446421,0,-2284.10141048238
3.88026056267828,-0.0693888063382414,-0.00973697703303545,0.0406078633871537,1.444846200647,0.241828080989143,0.46288045137739,-0.369978183570438,-2.51279746689012,-0.00138388401148786,-3.70172724344793,1.0781229445023,-0.323818201203285,1.18621897975325,-0.502161784412518,0.138112554667803,-0.4762254368487,0.698110095317815,0.332419261747465,-1.750126230364,-6.93009503462296,-3.99608965236496,-4.66390945877263,-6.42918853804666,-5.19505489180028,-4.84045158868054,-4.77692431085728,-5.83424570043412,-6.65173805553964,0.411147494462219,0.178968971857863,0.411137870759743,0,0,0,-2.73436002114952,0,-2284.09442386711
3.88021533101099,-0.0693883321165769,-0.00973687977206952,0.0406077917138578,1.4448358858179,0.24182278368495,0.4628760440777,-0.369925508279102,-2.51280969397746,-0.00137872765313636,-3.70169767563992,1.07811610557427,-0.323812208512993,1.18624593142231,-0.502152606130558,0.138106740289305,-0.476222026308301,0.698113161731235,0.332407883446057,-1.75016735231581,-6.93004210937911,-3.99610646708446,-4.66391267088514,-6.42913310830556,-5.19506036577344,-4.84045212697248,-4.77692578299256,-5.83428059466205,-6.65177653050114,0.411141309198092,0.178966275747292,0.411135716832206,0,0,0,-2.73436430510893,0,-2284.0859697102
3.8801992767013,-0.0693881725876934,-0.00973684407004253,0.0406077717544524,1.44483282678376,0.241821453933126,0.462874828243411,-0.369909420407437,-2.51281331289978,-0.00138156915231403,-3.70168714618727,1.07811176009755,-0.323810251477265,1.18625343148465,-0.502150044502088,0.138104997722028,-0.476221153633288,0.698113140147927,0.332404484597278,-1.7501813343115,-6.93002645681119,-3.99611078945253,-4.66391332234387,-6.42911568374427,-5.19505961197624,-4.84045234785112,-4.77692660540565,-5.83429118222411,-6.65178783657365,0.411139428040032,0.178965430145894,0.411134996188442,0,0,0,-2.73436569059723,0,-2284.08354040714
3.88017837074601,-0.0693879732684577,-0.00973679661655467,0.04060771962987,1.44482779900266,0.24181909058577,0.462872862774992,-0.36988561695774,-2.51281871656838,-0.00137445090361582,-3.70167072042975,1.07810734041475,-0.323807806352004,1.18626594918558,-0.502145897778372,0.138102526826925,-0.476219384641131,0.698114436632901,0.332399337841741,-1.7502002829716,-6.93000127431832,-3.9961175371385,-4.66391385178617,-6.42908919130694,-5.19506030447126,-4.84045164781356,-4.77692657949339,-5.83430784958076,-6.65180558172743,0.41113654399262,0.178964116229853,0.41113377003205,0,0,0,-2.73436756573661,0,-2284.07978349462
3.88017015299301,-0.0693878951602534,-0.00973677845012704,0.0406077101093994,1.44482596764772,0.241818324037428,0.462872191396505,-0.369877009738966,-2.51282066443142,-0.00137705194245748,-3.70166540000542,1.07810533086757,-0.323806725713218,1.18627021261233,-0.502144496761814,0.138101608185202,-0.476219023560354,0.698114656134308,0.332397523199685,-1.7502072543553,-6.92999250536438,-3.99611975350741,-4.66391400187953,-6.42907969825354,-5.19506009289732,-4.84045144813637,-4.77692670878332,-5.83431349378917,-6.65181168265433,0.411135525641067,0.178963653707822,0.411133325799028,0,0,0,-2.7343682666943,0,-2284.07850262322
3.88015626131987,-0.0693877591476826,-0.00973674748526142,0.0406076822211865,1.44482301662658,0.241817021156974,0.462871039146896,-0.369862756526986,-2.51282408080696,-0.00137443920470314,-3.70165529713444,1.07810216383055,-0.323805308300127,1.18627734440271,-0.502142183232039,0.1381002194734,-0.47621818101546,0.698114929156198,0.332394608949043,-1.75021892212879,-6.92997744555433,-3.99612324054726,-4.66391398918956,-6.42906364571202,-5.19505967657655,-4.84045108544433,-4.77692685502231,-5.83432286616393,-6.65182170055543,0.411133862051262,0.178962866664907,0.411132561043088,0,0,0,-2.73436955468362,0,-2284.07639041471
3.8801507333435,-0.0693877098259335,-0.00973673528585156,0.0406076732381334,1.44482174171027,0.241816468862402,0.462870566460483,-0.369856819774644,-2.51282552511879,-0.00137472024212247,-3.70165141253304,1.07810084485884,-0.32380465563733,1.18628041231022,-0.502141207784051,0.138099618809176,-0.476217779605568,0.698115160831838,0.332393366391068,-1.75022355905689,-6.92997123145695,-3.9961247193076,-4.6639139971738,-6.42905698344095,-5.19505954315787,-4.84045084764615,-4.77692684305452,-5.8343267942351,-6.65182596721213,0.411133156970962,0.178962537935141,0.411132230847123,0,0,0,-2.73437011783683,0,-2284.07551101409
3.88013880276902,-0.0693875965205765,-0.00973670865079564,0.0406076511682352,1.44481904953409,0.241815340487061,0.462869573070612,-0.369844508025411,-2.5128281485647,-0.00137428165887532,-3.70164293807406,1.07809821236455,-0.323803353376378,1.18628646477373,-0.50213918817187,0.138098394649759,-0.47621739649262,0.698115487593045,0.332390814168854,-1.75023350327988,-6.92995807839611,-3.99612767513945,-4.66391387980887,-6.42904300550259,-5.19505922333601,-4.84045036085596,-4.77692679592267,-5.83433475941397,-6.65183429247365,0.41113169856589,0.178961851871531,0.411131538495703,0,0,0,-2.73437086835275,0,-2284.0736974377
3.88013850356187,-0.0693923644929955,-0.00977209225640995,0.0406124296441624,1.44482011307565,0.241815836028989,0.462865314743741,-0.369845302390952,-2.51282814860948,-0.00137424363398042,-3.70164294168924,1.07809684642543,-0.323802643487379,1.18628632415613,-0.502139011232885,0.138098004432462,-0.476217373678788,0.698115450009186,0.332390727328416,-1.75023373304709,-6.92995782163279,-3.99612824851559,-4.6639136556124,-6.42904280296516,-5.19506071277033,-4.84044936516818,-4.77692691153559,-5.83433467108284,-6.65183437129767,0.41113093811767,0.178964838709053,0.411130844629683,0,0,0,-2.73437086903804,0,-2283.75995780992
3.88013844100671,-0.0693933111379373,-0.00977207222265384,0.040613375363792,1.44482035185947,0.241815948575926,0.4628644786218,-0.369845458699479,-2.51282814861936,-0.0013742355393192,-3.70164294230507,1.07809654881208,-0.323802492451851,1.18628629912566,-0.502138972050538,0.138097921498502,-0.47621736882451,0.698115443248563,0.332390708971236,-1.75023376670866,-6.92995776969671,-3.99612837271521,-4.66391360930999,-6.42904276442723,-5.19506104412136,-4.8404491364033,-4.77692693606977,-5.83433465228414,-6.65183438537154,0.411130780538067,0.178965499491132,0.411130716901756,0,0,0,-2.734370869168,0,-2283.75607256148
3.88013828660787,-0.0693953518137634,-0.00977205008601441,0.0406129801317986,1.44482094622475,0.241816233185506,0.462862419575562,-0.369845758586236,-2.51282814864241,-0.00137421452389623,-3.70164294445959,1.07809582456465,-0.323802100750778,1.18628623303604,-0.502138881918724,0.138097722296132,-0.476217356249333,0.698115425389386,0.332390666262181,-1.75023385254599,-6.92995769265558,-3.99612866699109,-4.66391348352124,-6.42904268481838,-5.19506186046523,-4.84044852410563,-4.77692699070792,-5.83433460350042,-6.65183442245609,0.411130410566981,0.178967198029333,0.411130371708858,0,0,0,-2.73437086949923,0,-2283.74973880412
3.87547394292518,-0.0432871475847771,-0.0100461601625972,0.040955530876219,1.48062892473228,0.261063558685808,0.412088718643718,-0.376373304689412,-2.51282921293144,-0.000267349301730191,-3.70176777757191,1.0465511131451,-0.303175160382707,1.1830416216027,-0.49697425593902,0.129748126753664,-0.475557288466472,0.69722848441289,0.33044268989687,-1.7549542394859,-6.9255802804171,-4.00937931134074,-4.65655133365979,-6.425283648953,-5.23313461069735,-4.80662312487234,-4.77925923416935,-5.83176012020233,-6.65365427743629,0.39535725947998,0.259666820451814,0.394241107229029,0,0,0,-2.73438683298194,0,-2186.39319089282
3.87236806448848,-0.0402846769955127,-0.0100194619378266,0.0391167641075466,1.52356217294072,0.288525314025312,0.400461655711238,-0.381532937500863,-2.51283081001605,0.00294986543733652,-3.70215983999492,1.01475900999149,-0.243402932253785,1.17584879974184,-0.480761200989322,0.108459374555716,-0.473622929123216,0.695299475271258,0.327034723462709,-1.75924432553701,-6.9144841189541,-4.04396538005288,-4.63724114193423,-6.4194753202278,-5.26839585313544,-4.77513032917424,-4.7809234711721,-5.82432088750868,-6.65769598459175,0.381395953265455,0.209605058862573,0.375371798661538,0,0,0,-2.73442495651911,0,-2154.27361454926
3.87213044357804,-0.0540232567614252,-0.0103554421534458,0.037376399296779,1.53136717697804,0.286029019678543,0.436500862353736,-0.379530809659944,-2.51283122406906,0.00618858252823866,-3.70263545316488,1.00061333819977,-0.1822291632626,1.16723897586342,-0.46115167517345,0.0850151721969925,-0.471579251741403,0.693002547289878,0.322721031248429,-1.76108014372393,-6.89851778593469,-4.08493834057345,-4.61865391090308,-6.4103684130369,-5.27945700158137,-4.76664289193332,-4.78184543761358,-5.81682883322981,-6.66253666865959,0.389927206706132,0.219542277829921,0.377439418862513,0,0,0,-2.73447158291805,0,-2139.63590549002
3.87010930965079,-0.0463763276851167,-0.0102578442553841,0.0370292946970937,1.51471787685289,0.265437538557748,0.423842293984196,-0.384705869797559,-2.5128312364489,0.00761625980206063,-3.70308593353049,0.996174675642062,-0.151102407137814,1.1587910350569,-0.441416372230797,0.0610430713903874,-0.47039108002879,0.690675711763263,0.31592583780383,-1.76157885953125,-6.88083531786502,-4.12787481796478,-4.60329702141436,-6.40152540247695,-5.27611959371308,-4.77079521116193,-4.78617115602884,-5.81331428536646,-6.66731368038958,0.39613326103996,0.217284888889341,0.385588088576275,0,0,0,-2.73452082471461,0,-2131.46968589432
3.86814489457865,-0.0460648233264882,-0.0102638242134766,0.0360993763682371,1.50698689598481,0.25103301347026,0.428196442992515,-0.386002887281166,-2.51283149184685,0.00662234670190958,-3.70358605323428,0.992491654320698,-0.160861411728439,1.14961540139909,-0.419259986172103,0.0374033531028113,-0.470331641845948,0.68817122658592,0.307713995137931,-1.76331295940693,-6.85958663174786,-4.17045044849328,-4.58841683489607,-6.39209183295189,-5.27581025530397,-4.76445339149845,-4.79255675752372,-5.81517472802717,-6.67254088207071,0.386755656897257,0.216453838283363,0.378758870224403,0,0,0,-2.73458044990734,0,-2125.19366287859
3.86369463735397,-0.0441589613105338,-0.0102561350609586,0.0334676737762428,1.42954783134055,0.184268467471373,0.448007489539139,-0.390203868913572,-2.51280930152304,0.00432076597535301,-3.70408015044384,0.954308844264356,-0.165166848084405,1.12254812775998,-0.368822934404753,-0.00513240066601411,-0.469199277055282,0.681145024987231,0.27144716851867,-1.78745897349348,-6.77368697512522,-4.21044490537651,-4.62038206810257,-6.33560530772178,-5.32923557143693,-4.72315209638237,-4.82000959202052,-5.81887296728842,-6.68873701279115,0.359734934156628,0.204722836980533,0.338525920793651,0,0,0,-2.73487148811081,0,-2113.22845839511
3.85813990916283,-0.0438218043476495,-0.010348106088639,0.0292753870145353,1.28153852297955,0.204219948063081,0.46722527307781,-0.37836569552508,-2.51274263903648,-0.000652100271189418,-3.70353833456196,0.912043189301614,-0.185359125496662,1.08294141345276,-0.329831899018531,-0.0183234980314175,-0.467655700496184,0.671296528182842,0.205355551463276,-1.85453372225298,-6.60555565928775,-4.30587599232244,-4.66926191313784,-6.2387137674567,-5.39839169736208,-4.64055464037428,-4.86787725442485,-5.82799228645817,-6.71384822359557,0.356778795756468,0.189327698277799,0.342829695997515,0,0,0,-2.73550754022235,0,-2099.32269779869
3.85588786414988,-0.039996223659842,-0.00966948730822515,0.0218898895282491,1.01846074801786,0.282586929880675,0.493030641850359,-0.364338289631041,-2.51259279479227,-0.00756082262465576,-3.70093990537569,0.874793363914443,-0.175160408014144,1.03521748196762,-0.298084882371873,-0.00657227714113618,-0.463265314806658,0.659913136673129,0.083094996965116,-2.00392219667929,-6.28576063783889,-4.48424622262733,-4.74382284805735,-6.0182424030561,-5.46272035731509,-4.60121727672787,-4.95574713295154,-5.84025215627715,-6.7478682535388,0.305862424883585,0.179387761933149,0.205375214420371,0,0,0,-2.73683941882849,0,-2080.29211005665
3.85131996254243,-0.0369696351771709,-0.00940704830458266,0.014208801715936,0.924646532405667,0.309551834662656,0.512960779329583,-0.363144299102507,-2.5124768419055,-0.0132101541358422,-3.6978473305768,0.819565108991886,-0.187114517484791,1.02962093002868,-0.287329204791977,-0.0112174289913354,-0.460829772949751,0.659141668803255,0.0202117531128781,-2.13071572445297,-6.07137016346748,-4.55613223306596,-4.75827455766952,-5.84680817842487,-5.53137352737904,-4.66051325072758,-4.9888616506695,-5.85164632572385,-6.7577820897644,0.240601295114201,0.171667395375523,0.206152802679166,0,0,0,-2.7378775180253,0,-2073.063336176
3.84718362478812,-0.0360932792984693,-0.00929395413583247,0.0124483602068951,0.910666148160393,0.309697284651367,0.515231733132565,-0.357518518384459,-2.51244036753889,-0.0151861600770132,-3.69673033005679,0.80369109175832,-0.196060928852373,1.03138795434648,-0.286455549572651,-0.0147458923863221,-0.460250460922642,0.659777612569869,0.00529636572287136,-2.17478241793031,-6.00540297827649,-4.5746281749513,-4.76089527657044,-5.8056225397106,-5.55107814750385,-4.67674739586026,-4.99209964527287,-5.85587113660244,-6.75914583888371,0.252203684955237,0.16808648585543,0.195803666542001,0,0,0,-2.73821914825494,0,-2069.31826616939
3.81824538765771,-0.0345043175065685,-0.00871668508732925,0.00675398136333538,0.868076397463566,0.285120571547124,0.514123931789437,-0.270670849038228,-2.51226048443864,-0.0221860019426169,-3.69094841092703,0.7766241830662,-0.201093265492196,1.04884579897805,-0.288787048529789,-0.0357783391856647,-0.456430176309195,0.664984725887611,-0.0541902647916126,-2.40655254545904,-5.67346884098956,-4.63374436471583,-4.78471823399084,-5.72737910326965,-5.59317367540531,-4.71366697136029,-4.99753674024538,-5.87153895967044,-6.76197216631156,0.233118552573171,0.156758055179282,0.169704861793149,0,0,0,-2.74000689930576,0,-2052.53307682216
3.77560719767307,-0.0346938335139012,-0.00796975006101997,-0.000365773653165727,0.948818035660391,0.27862556638635,0.502230969661751,-0.314445964873793,-2.51203595972835,-0.0264398460753629,-3.68466717370817,0.90559629779058,-0.187752267241568,0.939095880809963,-0.229687970052141,-0.0774188049331487,-0.451067810995472,0.632680216917874,-0.0821277748638321,-2.58590521691035,-5.4019896201713,-4.62802030595562,-4.89223805605647,-5.58097136967521,-5.55621956107016,-4.70159119816123,-4.97165042484199,-5.89302347686004,-6.85154225249023,0.233464399082069,0.156450712883134,0.180663463343177,0,0,0,-2.74424328760214,0,-2045.39622452662
3.7077708314195,-0.0319432399499225,-0.0070200686191374,-0.00626186972803169,0.905278105542203,0.348298232530062,0.49851113126888,-0.407337964853385,-2.5117343592091,-0.0306381060349943,-3.67767509121899,1.02102280161485,-0.181008970002001,0.779552584104022,-0.12922969641115,-0.175480958724596,-0.444229521582876,0.584433141557745,-0.0641429332644305,-2.78220579221614,-5.15339409106176,-4.51359780669874,-4.82301138481497,-5.53453751793975,-5.57446566599658,-4.71224478425942,-4.86190036716773,-5.92513302260327,-6.98574613706753,0.235973899684241,0.162721265578411,0.156892920850311,0,0,0,-2.75072409199809,0,-2041.78401235668
3.6151711147995,-0.0302543875125644,-0.00591177360344046,-0.0124843689951547,0.852497824937208,0.28896710532276,0.511939848194628,-0.583830915678372,-2.51128402702254,-0.0346358080974567,-3.66821183323658,1.18158807580826,-0.163064781508264,0.605088021740267,-0.176591284847681,-0.137899249638927,-0.43399131069541,0.528376998671177,-0.00202050164190694,-3.05388389569197,-4.91045803217964,-4.45863762172191,-4.63429825800067,-5.43605726230736,-5.61651718966897,-4.60852074633942,-4.66694533940657,-5.97288099055297,-7.15639473807589,0.203189729505913,0.158291811576338,0.133196789854621,0,0,0,-2.76079453027632,0,-2031.15793037468
3.58036900535809,-0.0329962202498747,-0.00526034793759347,-0.010072129692511,0.831987825034236,0.252898919917648,0.494403168918382,-0.557363392305021,-2.51097804098433,-0.0377255434126454,-3.66302080418445,1.30950476053699,-0.1419535468381,0.579837861619211,-0.138646827334738,-0.136142178371033,-0.425733443936398,0.515075001515463,-0.0413010828380724,-3.21324686022395,-4.87607561366782,-4.37722132127628,-4.46619308099824,-5.2982999942488,-5.619865034313,-4.50805313671162,-4.62822516879941,-6.0058522872097,-7.22462737413243,0.200415011552857,0.154768510686265,0.128177212047095,0,0,0,-2.76796711185861,0,-2024.55513177938
3.50899039204251,-0.0331134758840062,-0.00503544832507068,-0.00720886379493093,0.800081600896716,0.252813033781346,0.479325712661261,-0.496790717419475,-2.51070794220624,-0.0403152967874261,-3.66089004445999,1.38398223605453,-0.12988370553582,0.628158334372205,-0.152057721588944,-0.216713040029593,-0.417033698155099,0.520930142821591,-0.0247845400820325,-3.25982241366209,-4.86907187561277,-4.35705971516939,-4.42219789957775,-5.17812957409851,-5.61863076703211,-4.43768199752662,-4.49198419192075,-6.03934360506251,-7.25544157797096,0.186032091495586,0.153262774652909,0.124520465622681,0,0,0,-2.77527082824936,0,-2018.79017337669
3.0256920568831,-0.0333047071382778,-0.00554906828929052,-0.00504600133014604,0.83729589242928,0.20247940445462,0.425170764681472,-0.315657094755415,-2.5093045653524,-0.0455100092438626,-3.66295433538849,1.5475277453167,-0.0598288521401482,0.945103632738193,-0.145392756467567,-0.210985241308288,-0.370261298512782,0.558065326412388,-0.256413505573577,-2.8182491977072,-4.47212409454536,-4.18796934769806,-4.13072424251128,-4.89775877728079,-5.5788737216801,-4.26334661401619,-4.1362186307101,-6.23597277999613,-7.44245778278243,0.18675182194372,0.15184682366746,0.124454199394716,0,0,0,-2.82067189009813,0,-1989.78128539671
2.89840895194635,-0.0346618966663906,-0.00581432479368263,-0.00895971751400641,0.844201458641926,0.202305887569995,0.426617401110485,-0.408856964245334,-2.50879547946996,-0.0418254836184709,-3.66561114719824,1.60165959539555,-0.0307589162373386,1.19485302680656,-0.187573057736078,-0.317786034146243,-0.353324008245963,0.607273289227203,-0.25986377102233,-2.68986474952496,-4.28810863431683,-4.08809967014242,-4.0132435208665,-4.80929200655514,-5.49824601751368,-4.13027809837256,-4.14334519006862,-6.31024041184377,-7.44327441890213,0.200855179353735,0.156671390404112,0.132528240679327,0,0,0,-2.83820506784699,0,-1978.99834237446
2.94976670890202,-0.0353765007743793,-0.00569507695620372,-0.00623077330982237,0.865862902700161,0.186140310274597,0.392650604017671,-0.291470694088306,-2.50847541386547,-0.0211202685704782,-3.68550407833215,1.43838837320528,-0.0182701980540133,1.17944802139612,-0.213957280843394,-0.320158488477475,-0.359959210196948,0.602659659912505,0.02935941002135,-2.57320101363408,-4.16546301544238,-3.98870514871213,-3.92138372141052,-4.68808000879622,-5.30202915536247,-4.04369169002486,-4.20616428473865,-6.35298747625841,-7.52082634116925,0.211086877705967,0.155282067296858,0.132305633018852,0,0,0,-2.85551031180532,0,-1971.76529075576
3.05773461935702,-0.0355017937514873,-0.00536821148906383,-0.00662385977172231,0.902850314101802,0.178237247442674,0.361474761755667,-0.331515145598522,-2.50789702367104,0.0124181480289007,-3.73468960304223,1.00666510926291,0.00196728324702804,1.33613955557391,0.111777624608858,-0.0994970353460131,-0.387681473954194,0.653088394724337,0.294478057742448,-2.57873428746241,-4.08085745574843,-3.86494880751152,-3.87550795502993,-4.57000769710681,-4.80632404035293,-3.85319946166008,-3.98034899463568,-6.41561052078898,-7.53091473597245,0.210296304958689,0.162608895859619,0.14438682351537,0,0,0,-2.88855184363128,0,-1961.77357696224
3.06398465822418,-0.0374413804360804,-0.0050732546181683,-0.00588779695373165,0.962025547166063,0.175475540389924,0.360331628595621,-0.385717271990589,-2.50749904362761,0.00783025322659446,-3.78444338731571,0.698764003647966,0.00816964269699866,1.28524496759692,-0.038376578529217,-0.19925996601711,-0.394102554993379,0.667928132154327,0.0674475636919623,-2.58390353775226,-4.08987788538199,-3.72425403377251,-3.81591737092952,-4.52274722912862,-4.43751139360675,-3.73405778624555,-3.82902584430175,-6.44364258349724,-7.59972655035811,0.215855317119949,0.170911235677204,0.158881017470348,0,0,0,-2.91498852473098,0,-1952.1849687022
0.558017752938348,-0.0433124228218188,-0.00644015973342783,-0.00513470259189319,1.02203454057706,0.131744468716821,0.226084646545448,-0.30435729466509,-2.50199233690395,-0.314216905611593,-4.25298208513583,1.98047098082895,0.253122999182656,2.52029779942806,-0.161198182379493,-0.314014842595159,-0.432203423917154,1.04887998957509,0.0394353507456183,-1.22089271952834,-2.6877881309051,-2.69662859852625,-2.57132986526603,-3.22829820040312,-4.55987880417739,-2.80947625811462,-3.06808685684488,-6.45881567271506,-7.66449602590247,0.224528230377441,0.209861178223233,0.150784045380765,0,0,0,-3.26061589193561,0,-1938.46185078407
1.27004672297158,-0.0469273670697112,-0.00656983055016081,-0.0063434607843746,1.06646148481865,0.117605940488979,0.159801478700774,-0.279758469561436,-2.50084997268323,0.319508395924968,-4.30718085352553,2.10721672177111,0.204387919306776,2.69388733917095,-0.231243136558751,-0.404852495546659,-0.324676076704669,0.914257351096015,-0.162579580210923,-0.958779670310852,-2.40660101407938,-2.59320684997277,-2.43639853765866,-3.14398483589813,-4.59185631108429,-2.68732992045447,-2.7285802793808,-6.32846891601858,-7.75408985909412,0.239148836872044,0.217804333495494,0.15370934052163,0,0,0,-3.34755516331619,0,-1931.58918715022
2.22599566082205,-0.0510895094255118,-0.00649557960933222,-0.00731004201533903,1.13475904950766,0.116038644700119,0.123846417037752,-0.299059660587086,-2.49955443262257,-0.387459384880522,-4.32823167747425,1.95061103007186,0.186620473291315,2.72755357121355,-0.280175783965996,-0.472787784418559,-0.19808314404649,0.614754815757652,-0.312816863908013,-0.906125940844188,-2.3777234881111,-2.62350578346828,-2.47121997860017,-3.2593050805821,-4.51597815567823,-2.67703783442016,-2.56255616517902,-6.07099626245227,-7.94625660093805,0.262595257341486,0.227690821614842,0.16942106563806,0,0,0,-3.44852704563316,0,-1925.30896011624
2.16315307038736,-0.0517294154078007,-0.0061978490057467,-0.00659102812787556,1.1851639196103,0.14116071244067,0.189089488010998,-0.378918156733507,-2.49839792787893,-0.214534010284775,-4.3176401070202,1.55209537231594,0.106027517071399,2.55962097271922,-0.26864323083845,-0.455205608295152,-0.212358055276212,0.420114675052071,-0.278353809053597,-1.25720382715623,-2.78495935692117,-2.80952047823137,-2.70209610608591,-3.52664339084013,-4.36088791213639,-2.8392526638608,-2.89889243582141,-5.78631625165904,-8.19092697187514,0.277658859600666,0.235624198481492,0.193505327227438,0,0,0,-3.52774064838494,0,-1916.1164490284
2.44793795962436,-0.0499187298713404,-0.00608568448431667,-0.00960723793163412,1.40529500317199,0.165084658148548,0.244089983946838,-0.502029180083224,-2.49450025442941,0.0223740212242573,-4.41967835809543,1.34794850411619,0.0229163795649633,2.37754988075929,-0.190691359377731,-0.436570802635749,-0.779632501035415,1.44400376591552,-0.167959941238506,-1.6936616930057,-3.26850184743731,-3.18324606466458,-3.1420254700926,-4.04440798403477,-4.55583843471041,-3.22862914803499,-3.33930376193717,-5.34757741412583,-8.89373136910615,0.31257391095046,0.266022898523635,0.236871825804126,0,0,0,-3.82298714966992,0,-1906.85457967965
2.38977168656564,-0.0471382789744311,-0.00598955533043988,-0.0129621588433801,1.70201883411865,0.205147931638863,0.314258801439664,-0.673724256392093,-2.48736176255828,0.286756700258535,-4.70502632905504,1.28714371129879,-0.139540913815677,2.82845765513595,-0.0742925708698886,-0.370707018504015,0.724798439585096,0.0513514877621783,0.0218074000833117,-2.30132819845968,-3.8823923582682,-3.65755167203475,-3.69277060779231,-4.67722348586888,-5.03089690701436,-3.76428880912389,-4.02494763804933,-4.79556522539599,-9.72547086986554,0.368959550292316,0.323620700415371,0.294901831030117,0,0,0,-4.35647534969247,0,-1904.41047296983
2.44795031590035,-0.0467003045831268,-0.00599331159299214,-0.0162114608866183,1.97396491620402,0.236757593187216,0.346985157922794,-0.841723915246428,-2.47849118343493,0.23961306776145,-5.083274479684,1.45942663393283,-0.152974851464015,3.46095636706246,-0.0711776041319455,-0.422096790535596,-1.79589177023408,-1.60618903460164,0.0143741597058541,-2.73392437556491,-4.29102873573498,-4.03382858036042,-4.07755399931584,-5.16624009571447,-5.64922487971681,-4.1765824412517,-4.55315653574266,-4.54006453396528,-10.6740339516179,0.433836706864177,0.394074933310447,0.346514082250717,0,0,0,-5.00094728417452,0,-1901.83449940002
2.53995847141204,-0.0480513558469269,-0.00582019455045547,-0.0168175871106306,1.96858554902537,0.229226288110037,0.298223397371067,-0.888161875864111,-2.47704868463033,-0.163998936908479,-5.17169941406407,1.67086496700726,-0.0841104257263105,2.8911137616182,-0.0866410564379151,-0.465758377109719,-1.36017497873401,1.72285679454012,-0.0954186834043255,-2.58051979597269,-4.05669211946645,-3.90916924509925,-3.85562442611727,-4.97291320941257,-5.76683024204067,-3.98320990611094,-4.3777462794859,-5.06415554717159,-11.469525657973,0.450292280272768,0.42240888104744,0.345650069649723,0,0,0,-5.25283789910238,0,-1891.72467176403
2.69966357820917,-0.0500836621478797,-0.00603258436021265,-0.0189058629153837,2.0483589216114,0.235632439877191,0.304885358841711,-0.951048430573755,-2.47865801584709,-0.111831448571265,-5.26973170419044,1.90345472601652,0.000344991575051412,3.22648100646556,-0.0838052464798764,-0.487388524808325,-0.918844712218794,1.37139120973364,-0.0675968281256319,-2.64014204932981,-4.16393872602272,-4.03346906625461,-3.94396168513837,-5.12798681772318,-6.08369529404015,-4.09870297500997,-4.4602453113423,-5.59588118023991,-11.647172647755,0.460263505977054,0.43880409753554,0.35801739594224,0,0,0,-5.41620148773843,0,-1884.63523646778
2.81429753480637,-0.0490813556144901,-0.00581442116329028,-0.0224597099972434,2.19676726992548,0.240757324834775,0.325876291854194,-1.0827191880182,-2.48347538800014,0.0340942531874235,-5.64309129986122,2.42881995495346,0.070292614354022,3.93207014020142,-0.0481449368563819,-0.498299253726165,0.00268179406311442,0.361476347296052,-0.00510798583051155,-3.07417976144738,-4.47747391853076,-4.37555524306552,-4.21775185239476,-5.49834497260693,-6.90940298103645,-4.44806686799687,-4.78904689820243,-6.2714907474605,-12.2845566963425,0.485423790302626,0.484417172949095,0.381972072758285,0,0,0,-5.88804943794031,0,-1880.99794667691
2.81533630082285,-0.0490673315687076,-0.00580851598380543,-0.0224794189920654,2.19788480470851,0.240823390299088,0.325854140242809,-1.08382496062866,-2.48354266906929,0.032368052015255,-5.64630562573121,2.43502930801237,0.068980984675196,3.93007466607766,-0.0481468861158556,-0.498340595479701,-0.0128436692219841,0.375389785149554,-0.00556588317569522,-3.07908310552006,-4.47962613561907,-4.3785736310897,-4.21991904332013,-5.501279272769,-6.91909104727037,-4.45127617169206,-4.79238348985573,-6.26253590270541,-12.2982322457567,0.485868379451289,0.485095355024959,0.382220419134044,0,0,0,-5.89387051297878,0,-1880.83855277514
2.81621247989211,-0.0490638495736316,-0.00580507989614316,-0.0224978805081685,2.19862121200485,0.240870472996692,0.325858661723566,-1.08462784814014,-2.48362296575708,0.0318275127770243,-5.64897804520391,2.4398586527617,0.0687450821780569,3.93165035374399,-0.0481149462558948,-0.498395845697272,-0.0156262584779832,0.378471293062194,-0.00564869587311877,-3.08230382437496,-4.48114136111102,-4.38070440202497,-4.22136839595066,-5.5033220544233,-6.92604611299272,-4.45348399095684,-4.79441768367991,-6.2613214508953,-12.3058353575349,0.486094844230337,0.485511582926721,0.382358356352608,0,0,0,-5.89771012113817,0,-1880.78809615247
2.81770995104521,-0.0490617248005585,-0.00579999412684515,-0.0225271134943134,2.19965761432254,0.240967749415202,0.325869382804213,-1.08584101377529,-2.48378929825809,0.0312785182114216,-5.65315886554299,2.44781635369117,0.0685507626261246,3.934666988478,-0.0480865333400003,-0.498442928402806,-0.018620146874125,0.381393820418018,-0.00569861705057976,-3.08722991664417,-4.4834744992829,-4.38403598830145,-4.22360684823352,-5.50650218646899,-6.93721919181582,-4.45696683069315,-4.79744062712547,-6.26059858844186,-12.3170369448869,0.486403256492476,0.486136043915896,0.382548173260962,0,0,0,-5.90346328254275,0,-1880.72226289069
2.81808602149624,-0.0490615582551841,-0.00579887255710272,-0.0225337526552061,2.19986723118218,0.240994906375216,0.325872128240887,-1.08610901405012,-2.48383706728495,0.0311537824762701,-5.6541217060674,2.44972939761392,0.0685105411787755,3.93539544774639,-0.0480848229161642,-0.498447410611073,-0.0191617772094821,0.381981204072109,-0.0057007176892417,-3.08834809829069,-4.48401113548296,-4.38481186075634,-4.22412505908867,-5.50723860552679,-6.93986484779906,-4.45778362377114,-4.79811531777771,-6.26047074149229,-12.3195308647306,0.486464922767768,0.486275033881181,0.382585472491595,0,0,0,-5.9047407302378,0,-1880.70808135055
2.81851353872856,-0.0490615190212748,-0.00579766627280502,-0.0225407313701326,2.20006443720813,0.241029644298734,0.325875753073796,-1.08638513573875,-2.48389793886057,0.0310371693146602,-5.65515244007392,2.45183491280327,0.0684728050021141,3.93618315875153,-0.0480883138107337,-0.498447910593054,-0.0197036479001763,0.382531792687411,-0.00569999612326086,-3.08954685195146,-4.48458784342671,-4.38565123896838,-4.22468688018716,-5.50803079087893,-6.9427553157873,-4.45867362451254,-4.79882130055818,-6.26036973962931,-12.3221494075138,0.486522719837113,0.486420158557474,0.382619688170487,0,0,0,-5.90606994993699,0,-1880.69332132982
2.81898612194992,-0.049061543378848,-0.00579642114049887,-0.0225478416623144,2.20024568802522,0.241071150712109,0.325880529898703,-1.08666226539085,-2.48397050779844,0.0309151295629865,-5.65622523431281,2.45407080438632,0.0684308979319538,3.93700203145834,-0.0480951882441993,-0.498445001784909,-0.0202244389643962,0.383083963126576,-0.00569582337149264,-3.09079428451339,-4.48519609337812,-4.38653723758676,-4.2252838139351,-5.50886499298364,-6.9458141324102,-4.45961829241401,-4.79954571824685,-6.26025906044256,-12.3248309416818,0.486575320714401,0.48656772808663,0.382650113966038,0,0,0,-5.90741741245646,0,-1880.67820235495
2.81900643547458,-0.0490615456135739,-0.00579636961784617,-0.0225481275157552,2.20025229362418,0.2410730656655,0.325880765124269,-1.08667327123678,-2.48397385379508,0.0309104127063824,-5.65626924862532,2.45416377982294,0.0684292210150319,3.93703543018165,-0.0480955909103894,-0.498444804350272,-0.0202453423364197,0.383105501398065,-0.00569563562197206,-3.09084568022258,-4.48522134934831,-4.38657400524213,-4.22530877230555,-5.50889952228332,-6.94594118087281,-4.45965767391025,-4.79957505742858,-6.26025512812971,-12.3249398444593,0.486577217850465,0.486573674617907,0.382651187293132,0,0,0,-5.90747155790288,0,-1880.67758723535
2.81901077380198,-0.0490615460886991,-0.00579635912130416,-0.0225481847216344,2.20025350621075,0.241073495027011,0.325880824200499,-1.08667545502576,-2.48397460122071,0.0309094497059904,-5.65627817699218,2.45418295379544,0.0684288614256282,3.93704222094341,-0.0480956865610532,-0.498444751370094,-0.0202494623492055,0.383109797110281,-0.0056955861816424,-3.09085621574286,-4.4852266087391,-4.38658162248555,-4.2253139922948,-5.5089066750256,-6.9459674059058,-4.45966585972154,-4.79958101695508,-6.26025433213137,-12.3249619099687,0.486577559804988,0.486574870062212,0.382651377464224,0,0,0,-5.90748242833086,0,-1880.67746234704
2.81901542397893,-0.0490615464318749,-0.00579634838991363,-0.0225482420463351,2.20025463907739,0.24107397010215,0.325880897389677,-1.08667763032595,-2.48397542780283,0.0309084993925101,-5.65628742042306,2.45420264557986,0.0684284890865609,3.9370491414495,-0.0480957915377287,-0.49844468918113,-0.0202535918154534,0.383114105272464,-0.00569553036184301,-3.09086705445719,-4.48523211810547,-4.38658953394933,-4.22531947866115,-5.50891411454002,-6.94599442793209,-4.45967438027077,-4.79958711074502,-6.26025362031528,-12.3249844141434,0.486577872352856,0.486576075971272,0.382651549735087,0,0,0,-5.90749342612975,0,-1880.67733552379
2.81902015535181,-0.0490615471828644,-0.00579633749895814,-0.0225482983445026,2.20025564020362,0.241074473280811,0.325880966187042,-1.08667974056935,-2.48397632505341,0.0309075394060559,-5.65629660241446,2.45422258395661,0.0684281377532203,3.93705605766105,-0.0480959195969192,-0.498444627625583,-0.0202576473721423,0.383118335700498,-0.00569549984992638,-3.09087789893999,-4.48523759838616,-4.38659746115816,-4.22532496966131,-5.50892152542191,-6.94602169712924,-4.45968294136199,-4.79959307307433,-6.26025309932582,-12.3250068026795,0.486578143217687,0.486577268912497,0.382651695062403,0,0,0,-5.90750412094882,0,-1880.67720827903
2.81902102458202,-0.0490648556022117,-0.00580977268978071,-0.0225468199508875,2.20025557711252,0.241074471549932,0.325879312422754,-1.08668045957958,-2.48397651849099,0.0309072731744738,-5.65629843030764,2.4542264227965,0.0684272561934598,3.93705733067835,-0.0480959662654581,-0.498444622402273,-0.0202585326760996,0.383119188662443,-0.00569549784096442,-3.09088008904986,-4.48523866665321,-4.38659909306032,-4.22532612811543,-5.50892295886342,-6.94602740862105,-4.45968469984919,-4.79959429593749,-6.26025308287315,-12.3250113131132,0.486578020832372,0.486577996145307,0.382651675518342,0,0,0,-5.90750621023044,0,-1880.6679841592
2.81902102292276,-0.0490649047184403,-0.00580986828792069,-0.0225467915797067,2.20025557341434,0.241074469940048,0.325879287960153,-1.08668046421975,-2.48397651849277,0.0309072719224399,-5.65629843031141,2.45422641991558,0.0684272430910092,3.93705732926899,-0.0480959665597577,-0.498444622534738,-0.0202585338723723,0.383119188739634,-0.00569549795766374,-3.09088008887497,-4.48523866572278,-4.38659909340966,-4.22532612857772,-5.50892295767133,-6.94602741189321,-4.45968469983282,-4.7995942963291,-6.26025308446262,-12.3250113138669,0.486578018139735,0.4865780043098,0.382651674989671,0,0,0,-5.90750621023169,0,-1880.66791506336
2.81902102126251,-0.0490649536817085,-0.00580996354527694,-0.0225467639892204,2.20025556971981,0.241074468338986,0.325879263495361,-1.08668046883637,-2.48397651849459,0.0309072706643035,-5.65629843031521,2.45422641702905,0.0684272299332393,3.93705732785146,-0.048095966857347,-0.498444622661353,-0.0202585350749942,0.383119188817307,-0.00569549807399298,-3.09088008869913,-4.48523866480734,-4.38659909375182,-4.22532612903617,-5.50892295647278,-6.9460274151828,-4.45968469979051,-4.79959429672004,-6.26025308605867,-12.325011314625,0.486578015444602,0.486578012529181,0.382651674448426,0,0,0,-5.90750621023296,0,-1880.66784629402
2.8190210209305,-0.049064963473028,-0.0058099825824019,-0.0225467584594452,2.200255568981,0.241074468018863,0.325879258603311,-1.08668046975986,-2.48397651849494,0.0309072704126289,-5.65629843031596,2.45422641645172,0.0684272273014143,3.93705732756795,-0.0480959669168162,-0.498444622686689,-0.0202585353155286,0.383119188832859,-0.00569549809725957,-3.09088008866394,-4.485238664624,-4.38659909382031,-4.22532612912788,-5.50892295623303,-6.94602741584081,-4.45968469978206,-4.79959429679826,-6.26025308637792,-12.3250113147767,0.48657801490557,0.486578014173131,0.382651674340279,0,0,0,-5.9075062102332,0,-1880.6678325536
2.8190210209305,-0.049064963473028,-0.0058099825824019,-0.0225467584594452,2.200255568981,0.241074468018863,0.325879258603311,-1.08668046975986,-2.48397651849494,0.0309072704126289,-5.65629843031596,2.45422641645172,0.0684272273014143,3.93705732756795,-0.0480959669168162,-0.498444622686689,-0.0202585353155286,0.383119188832859,-0.00569549809725957,-3.09088008866394,-4.485238664624,-4.38659909382031,-4.22532612912788,-5.50892295623303,-6.94602741584081,-4.45968469978206,-4.79959429679826,-6.26025308637792,-12.3250113147767,0.48657801490557,0.486578014173131,0.382651674340279,0,0,0,-5.9075062102332,0,-1880.6678325536
2.8190210209305,-0.049064963473028,-0.0058099825824019,-0.0225467584594452,2.200255568981,0.241074468018863,0.325879258603311,-1.08668046975986,-2.48397651849494,0.0309072704126289,-5.65629843031596,2.45422641645172,0.0684272273014143,3.93705732756795,-0.0480959669168162,-0.498444622686689,-0.0202585353155286,0.383119188832859,-0.00569549809725957,-3.09088008866394,-4.485238664624,-4.38659909382031,-4.22532612912788,-5.50892295623303,-6.94602741584081,-4.45968469978206,-4.79959429679826,-6.26025308637792,-12.3250113147767,0.48657801490557,0.486578014173131,0.382651674340279,0,0,0,-5.9075062102332,0,-1880.6678325536
