year,month,port,SDM_20
2012,1,NPS,NA
2012,1,SPS,NA
2012,1,CWA,0.24039793820762215
2012,1,CLW,0.32643939710913167
2012,1,WA5,NA
2012,1,CLO,0.32691127446389967
2012,1,TLA,0.27544525345807436
2012,1,NPA,0.2591446913698668
2012,1,CBA,0.19930618098391914
2012,1,BRA,0.23601024939701976
2012,1,OR1,NA
2012,1,CCA,0.23539564446095496
2012,1,ERA,0.19464066961119253
2012,1,BGA,0.1598690723646499
2012,1,BDA,0.2866724798893599
2012,1,SFA,0.45665600895881653
2012,1,MNA,0.23669337385123776
2012,1,MRA,0.3296732613155919
2012,1,SBA,0.4491513557331536
2012,1,LAA,0.4038862070489314
2012,1,SDA,0.3461056253808435
2012,1,CA2,NA
2012,2,NPS,NA
2012,2,SPS,NA
2012,2,CWA,0.2584466424107925
2012,2,CLW,0.24503722883247098
2012,2,WA5,NA
2012,2,CLO,0.21122312398049337
2012,2,TLA,0.19999949771097336
2012,2,NPA,0.19501196361821274
2012,2,CBA,0.19686820361708185
2012,2,BRA,0.19735211359472565
2012,2,OR1,NA
2012,2,CCA,0.22847889871175947
2012,2,ERA,0.22544368883145266
2012,2,BGA,0.18735550459602784
2012,2,BDA,0.2239905338495823
2012,2,SFA,0.5065069121533426
2012,2,MNA,0.27419937147234363
2012,2,MRA,0.2870989512780617
2012,2,SBA,0.3692499175667763
2012,2,LAA,0.37101569527695916
2012,2,SDA,0.3429249347430732
2012,2,CA2,NA
2012,3,NPS,NA
2012,3,SPS,NA
2012,3,CWA,0.25629457949368484
2012,3,CLW,0.30155446572649863
2012,3,WA5,NA
2012,3,CLO,0.24598578363656998
2012,3,TLA,0.2703270227998816
2012,3,NPA,0.22987179151038542
2012,3,CBA,0.25416339968206697
2012,3,BRA,0.1785269402848777
2012,3,OR1,NA
2012,3,CCA,0.20536386858551733
2012,3,ERA,0.22204284558355947
2012,3,BGA,0.1503262277625795
2012,3,BDA,0.2030534544092719
2012,3,SFA,0.39106654495962206
2012,3,MNA,0.3573480208394348
2012,3,MRA,0.20501655282512787
2012,3,SBA,0.2766255745564097
2012,3,LAA,0.4547006005962049
2012,3,SDA,0.536688902823057
2012,3,CA2,NA
2012,4,NPS,NA
2012,4,SPS,NA
2012,4,CWA,0.3554337940884359
2012,4,CLW,0.3791735911120971
2012,4,WA5,NA
2012,4,CLO,0.32831809148192403
2012,4,TLA,0.26883871315254104
2012,4,NPA,0.24614148989871698
2012,4,CBA,0.2993456884154252
2012,4,BRA,0.28718377437304565
2012,4,OR1,NA
2012,4,CCA,0.332132654528444
2012,4,ERA,0.3107312620218311
2012,4,BGA,0.20302957735127874
2012,4,BDA,0.29042640789633706
2012,4,SFA,0.4695030614733696
2012,4,MNA,0.2647593910081519
2012,4,MRA,0.17640536119540534
2012,4,SBA,0.18791159370707142
2012,4,LAA,0.3111038237810135
2012,4,SDA,0.35172398576424235
2012,4,CA2,NA
2012,5,NPS,NA
2012,5,SPS,NA
2012,5,CWA,0.42396206349746224
2012,5,CLW,0.49581874065822173
2012,5,WA5,NA
2012,5,CLO,0.3713003294842858
2012,5,TLA,0.37254558503627777
2012,5,NPA,0.328228310658513
2012,5,CBA,0.31131232066363235
2012,5,BRA,0.160170536234601
2012,5,OR1,NA
2012,5,CCA,0.19399147303474526
2012,5,ERA,0.29365587543507327
2012,5,BGA,0.1065382162863422
2012,5,BDA,0.1335233326846828
2012,5,SFA,0.3445494516241935
2012,5,MNA,0.261876778136338
2012,5,MRA,0.12950225616655042
2012,5,SBA,0.26124204102382864
2012,5,LAA,0.24286915178621007
2012,5,SDA,0.2527058553036457
2012,5,CA2,NA
2012,6,NPS,NA
2012,6,SPS,NA
2012,6,CWA,0.34645934570016285
2012,6,CLW,0.5743182937304179
2012,6,WA5,NA
2012,6,CLO,0.515361367414395
2012,6,TLA,0.3424542153047191
2012,6,NPA,0.3291528645488951
2012,6,CBA,0.3947893250556219
2012,6,BRA,0.20270486182912634
2012,6,OR1,NA
2012,6,CCA,0.24000695743598044
2012,6,ERA,0.27681212723255155
2012,6,BGA,0.15355538683081113
2012,6,BDA,0.21338339687458108
2012,6,SFA,0.3065938596924146
2012,6,MNA,0.20430891993972988
2012,6,MRA,0.2544951209922632
2012,6,SBA,0.25744443552361596
2012,6,LAA,0.3302373295029004
2012,6,SDA,0.2363674088957764
2012,6,CA2,NA
2012,7,NPS,NA
2012,7,SPS,NA
2012,7,CWA,0.34815869613651657
2012,7,CLW,0.5535623971973695
2012,7,WA5,NA
2012,7,CLO,0.5437137381203713
2012,7,TLA,0.4915875773276052
2012,7,NPA,0.34960859127369404
2012,7,CBA,0.2895956108441001
2012,7,BRA,0.23168083987996568
2012,7,OR1,NA
2012,7,CCA,0.2121298330114974
2012,7,ERA,0.2712030538834185
2012,7,BGA,0.11764503381211698
2012,7,BDA,0.20646015228489029
2012,7,SFA,0.2622504243927617
2012,7,MNA,0.21454853444330155
2012,7,MRA,0.2493265112080882
2012,7,SBA,0.21402362165271593
2012,7,LAA,0.2931409751575801
2012,7,SDA,0.2502925599225655
2012,7,CA2,NA
2012,8,NPS,NA
2012,8,SPS,NA
2012,8,CWA,0.3616413987539381
2012,8,CLW,0.4740351003504569
2012,8,WA5,NA
2012,8,CLO,0.48232186201118654
2012,8,TLA,0.589230526198623
2012,8,NPA,0.2172473219880921
2012,8,CBA,0.3348077595371255
2012,8,BRA,0.2431492524281625
2012,8,OR1,NA
2012,8,CCA,0.21797147689146862
2012,8,ERA,0.2478241699013842
2012,8,BGA,0.12711515501942686
2012,8,BDA,0.13628703695700464
2012,8,SFA,0.27176268591034797
2012,8,MNA,0.28070065287011925
2012,8,MRA,0.28743321150541307
2012,8,SBA,0.2048900912525833
2012,8,LAA,0.3220659399465207
2012,8,SDA,0.32628417660563774
2012,8,CA2,NA
2012,9,NPS,NA
2012,9,SPS,NA
2012,9,CWA,0.40613135171659065
2012,9,CLW,0.4444682039320469
2012,9,WA5,NA
2012,9,CLO,0.4759158131976922
2012,9,TLA,0.5182149156928062
2012,9,NPA,0.24265135047888314
2012,9,CBA,0.31865948545081274
2012,9,BRA,0.23041835910192243
2012,9,OR1,NA
2012,9,CCA,0.27287551397457716
2012,9,ERA,0.2889619544858024
2012,9,BGA,0.17439672640628284
2012,9,BDA,0.2922551218242872
2012,9,SFA,0.28186173364520073
2012,9,MNA,0.3463584917287032
2012,9,MRA,0.42500705063343047
2012,9,SBA,0.28425572920176717
2012,9,LAA,0.4027284402400255
2012,9,SDA,0.40268679168962296
2012,9,CA2,NA
2012,10,NPS,NA
2012,10,SPS,NA
2012,10,CWA,0.4145893362348031
2012,10,CLW,0.5083961330594555
2012,10,WA5,NA
2012,10,CLO,0.4831550094869829
2012,10,TLA,0.4353624337142514
2012,10,NPA,0.25684826837111546
2012,10,CBA,0.2242143227620059
2012,10,BRA,0.2832298272666538
2012,10,OR1,NA
2012,10,CCA,0.25346840960123845
2012,10,ERA,0.29018023249603087
2012,10,BGA,0.3306200827428517
2012,10,BDA,0.36375755044172436
2012,10,SFA,0.5087306364890067
2012,10,MNA,0.3390621155179957
2012,10,MRA,0.4554696498378631
2012,10,SBA,0.3303635690801887
2012,10,LAA,0.4941346514369211
2012,10,SDA,0.4476206168051689
2012,10,CA2,NA
2012,11,NPS,NA
2012,11,SPS,NA
2012,11,CWA,0.3810084030032158
2012,11,CLW,0.3890618344148
2012,11,WA5,NA
2012,11,CLO,0.3726438384503126
2012,11,TLA,0.2927917190723949
2012,11,NPA,0.3093105935388141
2012,11,CBA,0.3281953370287305
2012,11,BRA,0.2313727814014311
2012,11,OR1,NA
2012,11,CCA,0.24870270666045446
2012,11,ERA,0.2534470391060625
2012,11,BGA,0.26609045923859986
2012,11,BDA,0.3993284394343694
2012,11,SFA,0.6003769844770431
2012,11,MNA,0.47040177202887
2012,11,MRA,0.44050597965717314
2012,11,SBA,0.4404822667439779
2012,11,LAA,0.4473860999569297
2012,11,SDA,0.452962979887213
2012,11,CA2,NA
2012,12,NPS,NA
2012,12,SPS,NA
2012,12,CWA,NA
2012,12,CLW,NA
2012,12,WA5,NA
2012,12,CLO,NA
2012,12,TLA,0.2766005860701684
2012,12,NPA,0.27181902314172424
2012,12,CBA,0.29829357193637007
2012,12,BRA,0.23007213726212475
2012,12,OR1,NA
2012,12,CCA,0.284191019202192
2012,12,ERA,0.33644544990724684
2012,12,BGA,0.2369998886540372
2012,12,BDA,0.3585846334833154
2012,12,SFA,0.5597244698193765
2012,12,MNA,0.2831553434652667
2012,12,MRA,0.3893537090670678
2012,12,SBA,0.5304263384752376
2012,12,LAA,0.4407891497136124
2012,12,SDA,0.4086166016654485
2012,12,CA2,NA
2013,1,NPS,NA
2013,1,SPS,NA
2013,1,CWA,0.21737704201003324
2013,1,CLW,0.21302793583562296
2013,1,WA5,NA
2013,1,CLO,0.18123679782354063
2013,1,TLA,0.2023443604509036
2013,1,NPA,0.24131002279806307
2013,1,CBA,0.2707913460270051
2013,1,BRA,0.18728374138367646
2013,1,OR1,NA
2013,1,CCA,0.19284103668084548
2013,1,ERA,0.24846903320556413
2013,1,BGA,0.2138839990541499
2013,1,BDA,0.3865614917970473
2013,1,SFA,0.4701946411401995
2013,1,MNA,0.31212751407136197
2013,1,MRA,0.31061494821502317
2013,1,SBA,0.35629254395282395
2013,1,LAA,0.4793957289788992
2013,1,SDA,0.3687774113933062
2013,1,CA2,NA
2013,2,NPS,NA
2013,2,SPS,NA
2013,2,CWA,0.2868828944039422
2013,2,CLW,0.31903952839119093
2013,2,WA5,NA
2013,2,CLO,0.3448660163474934
2013,2,TLA,0.25593239805173307
2013,2,NPA,0.19486358525261047
2013,2,CBA,0.233899824549349
2013,2,BRA,0.175948807880992
2013,2,OR1,NA
2013,2,CCA,0.2829769009923829
2013,2,ERA,0.3825860976868746
2013,2,BGA,0.23265724546379513
2013,2,BDA,0.3378806078464401
2013,2,SFA,0.4520068775330271
2013,2,MNA,0.3566985813279947
2013,2,MRA,0.2834158655788217
2013,2,SBA,0.3610298200732186
2013,2,LAA,0.39548469674108283
2013,2,SDA,0.40089805507842374
2013,2,CA2,NA
2013,3,NPS,NA
2013,3,SPS,NA
2013,3,CWA,0.25347361086575515
2013,3,CLW,0.376965859484288
2013,3,WA5,NA
2013,3,CLO,0.3461729137887878
2013,3,TLA,0.2854129550277546
2013,3,NPA,0.2388830404181207
2013,3,CBA,0.20854806618481736
2013,3,BRA,0.32255189214235563
2013,3,OR1,NA
2013,3,CCA,0.3876021432900621
2013,3,ERA,0.23993220204307186
2013,3,BGA,0.2141714038120376
2013,3,BDA,0.21864462722831057
2013,3,SFA,0.49247866532494944
2013,3,MNA,0.3675427621090284
2013,3,MRA,0.28775925588223245
2013,3,SBA,0.48958943335599797
2013,3,LAA,0.38559967459690186
2013,3,SDA,0.30256369572630676
2013,3,CA2,NA
2013,4,NPS,NA
2013,4,SPS,NA
2013,4,CWA,0.3311406234448606
2013,4,CLW,0.54353752831618
2013,4,WA5,NA
2013,4,CLO,0.5126031552751859
2013,4,TLA,0.40165104203754
2013,4,NPA,0.3999828475492972
2013,4,CBA,0.29749942719936373
2013,4,BRA,0.13396654696100288
2013,4,OR1,NA
2013,4,CCA,0.17524302455907068
2013,4,ERA,0.2756045850259917
2013,4,BGA,0.1098367927113065
2013,4,BDA,0.13011595138481685
2013,4,SFA,0.3297014839947223
2013,4,MNA,0.32055137439941367
2013,4,MRA,0.20397815227508545
2013,4,SBA,0.20679572530918652
2013,4,LAA,0.30507237861553826
2013,4,SDA,0.27510701552743005
2013,4,CA2,NA
2013,5,NPS,NA
2013,5,SPS,NA
2013,5,CWA,0.3921809278188213
2013,5,CLW,0.5380060071906736
2013,5,WA5,NA
2013,5,CLO,0.507839857810928
2013,5,TLA,0.45381311703753724
2013,5,NPA,0.30864850762817597
2013,5,CBA,0.34873191826903877
2013,5,BRA,0.20641584972113264
2013,5,OR1,NA
2013,5,CCA,0.23208031593070877
2013,5,ERA,0.2493027317153144
2013,5,BGA,0.1405686057676765
2013,5,BDA,0.14340324490438408
2013,5,SFA,0.39930795709933004
2013,5,MNA,0.31607638571852
2013,5,MRA,0.22907786008811765
2013,5,SBA,0.2567724583129729
2013,5,LAA,0.2846258335536526
2013,5,SDA,0.2777508637322808
2013,5,CA2,NA
2013,6,NPS,NA
2013,6,SPS,NA
2013,6,CWA,0.38410535450234556
2013,6,CLW,0.5766262263059616
2013,6,WA5,NA
2013,6,CLO,0.5308160858849684
2013,6,TLA,0.3689833290874958
2013,6,NPA,0.3637695910202132
2013,6,CBA,0.24698991679719517
2013,6,BRA,0.17546952754535056
2013,6,OR1,NA
2013,6,CCA,0.2744671914881716
2013,6,ERA,0.38711043574980325
2013,6,BGA,0.22371469054509094
2013,6,BDA,0.20996870907644433
2013,6,SFA,0.3079992147783438
2013,6,MNA,0.296001380102502
2013,6,MRA,0.3597878861427307
2013,6,SBA,0.32521787385145823
2013,6,LAA,0.27964638248085977
2013,6,SDA,0.30456417359056925
2013,6,CA2,NA
2013,7,NPS,NA
2013,7,SPS,NA
2013,7,CWA,0.2913286079409535
2013,7,CLW,0.458750685616847
2013,7,WA5,NA
2013,7,CLO,0.42858143799727966
2013,7,TLA,0.5484372194736234
2013,7,NPA,0.32107712395195465
2013,7,CBA,0.28071419235473405
2013,7,BRA,0.2241720500599099
2013,7,OR1,NA
2013,7,CCA,0.2276175050365348
2013,7,ERA,0.29279172688310595
2013,7,BGA,0.1721705737320112
2013,7,BDA,0.1908958880960392
2013,7,SFA,0.31516492174517724
2013,7,MNA,0.15083082224572858
2013,7,MRA,0.3309699453173145
2013,7,SBA,0.2494549142817656
2013,7,LAA,0.33235963464023605
2013,7,SDA,0.33709483380828587
2013,7,CA2,NA
2013,8,NPS,NA
2013,8,SPS,NA
2013,8,CWA,0.3334995352846087
2013,8,CLW,0.4514281034709946
2013,8,WA5,NA
2013,8,CLO,0.45716571231042186
2013,8,TLA,0.40492559953402446
2013,8,NPA,0.2937708540842952
2013,8,CBA,0.2572985934222349
2013,8,BRA,0.22039404361906018
2013,8,OR1,NA
2013,8,CCA,0.2845832388247213
2013,8,ERA,0.31125724168005076
2013,8,BGA,0.22767744860928973
2013,8,BDA,0.22595507026680053
2013,8,SFA,0.34309008020547127
2013,8,MNA,0.32264718541535
2013,8,MRA,0.34884894615219486
2013,8,SBA,0.21995275944311132
2013,8,LAA,0.322770545980142
2013,8,SDA,0.30449591961599165
2013,8,CA2,NA
2013,9,NPS,NA
2013,9,SPS,NA
2013,9,CWA,0.4777963382728172
2013,9,CLW,0.5405324903627237
2013,9,WA5,NA
2013,9,CLO,0.5392992787063122
2013,9,TLA,0.43569406262702415
2013,9,NPA,0.34839290584679006
2013,9,CBA,0.3953466623311951
2013,9,BRA,0.25421133822313063
2013,9,OR1,NA
2013,9,CCA,0.3124842678507169
2013,9,ERA,0.33847910680231597
2013,9,BGA,0.3076923179405707
2013,9,BDA,0.34957417100667953
2013,9,SFA,0.4740279232462247
2013,9,MNA,0.431182540456454
2013,9,MRA,0.49386081397533416
2013,9,SBA,0.26313977249794535
2013,9,LAA,0.2502804639749229
2013,9,SDA,0.3574875141893114
2013,9,CA2,NA
2013,10,NPS,NA
2013,10,SPS,NA
2013,10,CWA,0.5687145333835456
2013,10,CLW,0.613387304928995
2013,10,WA5,NA
2013,10,CLO,0.6210925617525654
2013,10,TLA,0.6138550703243543
2013,10,NPA,0.5256096783184236
2013,10,CBA,0.36603412766885096
2013,10,BRA,0.21295210999506775
2013,10,OR1,NA
2013,10,CCA,0.3382057043152951
2013,10,ERA,0.26486925296657093
2013,10,BGA,0.20986021577136918
2013,10,BDA,0.3508851657265342
2013,10,SFA,0.5074085175029693
2013,10,MNA,0.44344116683288287
2013,10,MRA,0.4800325145644526
2013,10,SBA,0.3934205462855678
2013,10,LAA,0.4429769546634728
2013,10,SDA,0.42775940606671
2013,10,CA2,NA
2013,11,NPS,NA
2013,11,SPS,NA
2013,11,CWA,0.38145323558287186
2013,11,CLW,0.43006327499945957
2013,11,WA5,NA
2013,11,CLO,0.41001217762629194
2013,11,TLA,0.300986151314444
2013,11,NPA,0.25999656763893586
2013,11,CBA,0.2617705685751779
2013,11,BRA,0.17161428743490467
2013,11,OR1,NA
2013,11,CCA,0.19630924109369516
2013,11,ERA,0.23649919025954746
2013,11,BGA,0.21877930930091274
2013,11,BDA,0.3785541955204237
2013,11,SFA,0.5627857406934103
2013,11,MNA,0.4152046165532536
2013,11,MRA,0.5584839288393657
2013,11,SBA,0.48247799492544596
2013,11,LAA,0.4497097248211503
2013,11,SDA,0.4284740993664378
2013,11,CA2,NA
2013,12,NPS,NA
2013,12,SPS,NA
2013,12,CWA,0.2198508996243351
2013,12,CLW,0.21787205206290366
2013,12,WA5,NA
2013,12,CLO,0.20148837566375732
2013,12,TLA,0.1798475220078422
2013,12,NPA,0.2116632200376962
2013,12,CBA,0.158399710251439
2013,12,BRA,0.13925339047226212
2013,12,OR1,NA
2013,12,CCA,0.2087862268090248
2013,12,ERA,0.17224979201494822
2013,12,BGA,0.17330376288476385
2013,12,BDA,0.3173896467768102
2013,12,SFA,0.40527474014989795
2013,12,MNA,0.2849335861141964
2013,12,MRA,0.44706347873134
2013,12,SBA,0.49063487575259257
2013,12,LAA,0.45904168979294835
2013,12,SDA,0.44762682131907905
2013,12,CA2,NA
2014,1,NPS,NA
2014,1,SPS,NA
2014,1,CWA,0.3709425015970409
2014,1,CLW,0.32402764873639234
2014,1,WA5,NA
2014,1,CLO,0.30302223959757435
2014,1,TLA,0.3144473632176717
2014,1,NPA,0.30383770653851144
2014,1,CBA,0.3260172104574568
2014,1,BRA,0.37279280881300625
2014,1,OR1,NA
2014,1,CCA,0.3916099888062285
2014,1,ERA,0.30539770362563945
2014,1,BGA,0.35298968878270903
2014,1,BDA,0.5857140519377273
2014,1,SFA,0.6184997885457931
2014,1,MNA,0.42920111408156736
2014,1,MRA,0.550604611058389
2014,1,SBA,0.6296613549673429
2014,1,LAA,0.5978671180144433
2014,1,SDA,0.4996995258441169
2014,1,CA2,NA
2014,2,NPS,NA
2014,2,SPS,NA
2014,2,CWA,0.32278381370298276
2014,2,CLW,0.352209878154099
2014,2,WA5,NA
2014,2,CLO,0.29558651255709784
2014,2,TLA,0.2835965215095452
2014,2,NPA,0.3912543982622169
2014,2,CBA,0.326941868936529
2014,2,BRA,0.3710500935890845
2014,2,OR1,NA
2014,2,CCA,0.4212962808752698
2014,2,ERA,0.42223476314423036
2014,2,BGA,0.35842272189874497
2014,2,BDA,0.43360211555751005
2014,2,SFA,0.6691503375768661
2014,2,MNA,0.5074262705941994
2014,2,MRA,0.4651116581899779
2014,2,SBA,0.5638374842348554
2014,2,LAA,0.6043762794828841
2014,2,SDA,0.536863776341993
2014,2,CA2,NA
2014,3,NPS,NA
2014,3,SPS,NA
2014,3,CWA,0.5337310478834113
2014,3,CLW,0.6101171489684812
2014,3,WA5,NA
2014,3,CLO,0.6126583814620972
2014,3,TLA,0.5427995566078412
2014,3,NPA,0.5010400191216486
2014,3,CBA,0.47593833238298444
2014,3,BRA,0.39275177634958724
2014,3,OR1,NA
2014,3,CCA,0.47017201468829184
2014,3,ERA,0.4824108610504783
2014,3,BGA,0.4453195910299978
2014,3,BDA,0.4491972643109511
2014,3,SFA,0.668039039258034
2014,3,MNA,0.6569494847007977
2014,3,MRA,0.6568152525732595
2014,3,SBA,0.567354096039649
2014,3,LAA,0.5558450536862496
2014,3,SDA,0.5473916338336083
2014,3,CA2,NA
2014,4,NPS,NA
2014,4,SPS,NA
2014,4,CWA,0.6304804075847973
2014,4,CLW,0.601787194609642
2014,4,WA5,NA
2014,4,CLO,0.5055822171270847
2014,4,TLA,0.510488396551874
2014,4,NPA,0.4403172978648433
2014,4,CBA,0.4201393072094236
2014,4,BRA,0.3829909003995083
2014,4,OR1,NA
2014,4,CCA,0.48525485284626485
2014,4,ERA,0.5330417401733852
2014,4,BGA,0.36923267979312824
2014,4,BDA,0.3761948974359603
2014,4,SFA,0.6402810270587603
2014,4,MNA,0.5753902324371868
2014,4,MRA,0.3514467137058576
2014,4,SBA,0.5154575975404846
2014,4,LAA,0.535492355003953
2014,4,SDA,0.5225448964607148
2014,4,CA2,NA
2014,5,NPS,NA
2014,5,SPS,NA
2014,5,CWA,0.6131641796607076
2014,5,CLW,0.6947382736590602
2014,5,WA5,NA
2014,5,CLO,0.5806268150767973
2014,5,TLA,0.4631572392999485
2014,5,NPA,0.44827156041258126
2014,5,CBA,0.4878045667975729
2014,5,BRA,0.41705931594935797
2014,5,OR1,NA
2014,5,CCA,0.4590343697176825
2014,5,ERA,0.479852824785193
2014,5,BGA,0.3368467547827297
2014,5,BDA,0.3990188987436383
2014,5,SFA,0.495515015336775
2014,5,MNA,0.43381363329707934
2014,5,MRA,0.477764812015718
2014,5,SBA,0.49262544144225373
2014,5,LAA,0.4713382704123374
2014,5,SDA,0.5276192554405758
2014,5,CA2,NA
2014,6,NPS,NA
2014,6,SPS,NA
2014,6,CWA,0.6009275823831558
2014,6,CLW,0.6875604579846064
2014,6,WA5,NA
2014,6,CLO,0.6873336464166642
2014,6,TLA,0.6200794700119231
2014,6,NPA,0.5229936917622884
2014,6,CBA,0.4902435331117539
2014,6,BRA,0.39395744132774846
2014,6,OR1,NA
2014,6,CCA,0.4131441543499629
2014,6,ERA,0.45131621665897825
2014,6,BGA,0.5099956353505453
2014,6,BDA,0.2447275165645849
2014,6,SFA,0.39624219139417016
2014,6,MNA,0.40089268452591365
2014,6,MRA,0.5821244835853576
2014,6,SBA,0.2994895623789893
2014,6,LAA,0.49158227145671846
2014,6,SDA,0.5103756359645298
2014,6,CA2,NA
2014,7,NPS,NA
2014,7,SPS,NA
2014,7,CWA,0.609258459897335
2014,7,CLW,0.6502811055510275
2014,7,WA5,NA
2014,7,CLO,0.6436933074747362
2014,7,TLA,0.6591916470437922
2014,7,NPA,0.4717529715175697
2014,7,CBA,0.4330874173322581
2014,7,BRA,0.4061092555950192
2014,7,OR1,NA
2014,7,CCA,0.3957824663168961
2014,7,ERA,0.40945587750129436
2014,7,BGA,0.3346760745116887
2014,7,BDA,0.47695267028797605
2014,7,SFA,0.4689116064579256
2014,7,MNA,0.36052535053703094
2014,7,MRA,0.37757259251609926
2014,7,SBA,0.4071329083413847
2014,7,LAA,0.4625817517479581
2014,7,SDA,0.5652523767288928
2014,7,CA2,NA
2014,8,NPS,NA
2014,8,SPS,NA
2014,8,CWA,0.5041255538851634
2014,8,CLW,0.6117112905748429
2014,8,WA5,NA
2014,8,CLO,0.5920156432736304
2014,8,TLA,0.628579269814235
2014,8,NPA,0.3756801912754667
2014,8,CBA,0.37376018678812384
2014,8,BRA,0.4191589453741641
2014,8,OR1,NA
2014,8,CCA,0.31862942586022036
2014,8,ERA,0.48088548569360634
2014,8,BGA,0.41098102104706574
2014,8,BDA,0.44161657178731556
2014,8,SFA,0.5733439436843317
2014,8,MNA,0.41642124181793583
2014,8,MRA,0.4671093012056043
2014,8,SBA,0.4292177597200999
2014,8,LAA,0.6179306374322022
2014,8,SDA,0.6498689426255116
2014,8,CA2,NA
2014,9,NPS,NA
2014,9,SPS,NA
2014,9,CWA,0.6954582938642213
2014,9,CLW,0.6616337863107522
2014,9,WA5,NA
2014,9,CLO,0.6614433199167251
2014,9,TLA,0.6794523891475466
2014,9,NPA,0.5523640196632456
2014,9,CBA,0.5396636688993091
2014,9,BRA,0.48111751631454186
2014,9,OR1,NA
2014,9,CCA,0.5225669672091802
2014,9,ERA,0.6043580560457139
2014,9,BGA,0.4666995684305827
2014,9,BDA,0.5109822912585168
2014,9,SFA,0.7484498669703802
2014,9,MNA,0.5446600089470546
2014,9,MRA,0.5126851735512415
2014,9,SBA,0.5475265771150589
2014,9,LAA,0.6480592146515847
2014,9,SDA,0.6805036201363518
2014,9,CA2,NA
2014,10,NPS,NA
2014,10,SPS,NA
2014,10,CWA,0.74926259842785925
2014,10,CLW,0.7370474790373156
2014,10,WA5,NA
2014,10,CLO,0.7200487609351836
2014,10,TLA,0.7095598982226464
2014,10,NPA,0.6577754707532971
2014,10,CBA,0.6815942328097084
2014,10,BRA,0.6238930429395382
2014,10,OR1,NA
2014,10,CCA,0.6482420538461977
2014,10,ERA,0.670023562858731
2014,10,BGA,0.6685325915668173
2014,10,BDA,0.6673767607882276
2014,10,SFA,0.8203085266774701
2014,10,MNA,0.6059424572734422
2014,10,MRA,0.6234356757133238
2014,10,SBA,0.6560290439795422
2014,10,LAA,0.7556068774673247
2014,10,SDA,0.7130564431990346
2014,10,CA2,NA
2014,11,NPS,NA
2014,11,SPS,NA
2014,11,CWA,0.6516531029885465
2014,11,CLW,0.6392469617227713
2014,11,WA5,NA
2014,11,CLO,0.5743923222025236
2014,11,TLA,0.5819449769126044
2014,11,NPA,0.5459414735988335
2014,11,CBA,0.6180204228276298
2014,11,BRA,0.6236313219423647
2014,11,OR1,NA
2014,11,CCA,0.656067730486393
2014,11,ERA,0.6782788892587026
2014,11,BGA,0.6597604293514181
2014,11,BDA,0.6912551232746669
2014,11,SFA,0.8202735900878906
2014,11,MNA,0.6766803787814246
2014,11,MRA,0.7055988832314809
2014,11,SBA,0.6590859244267145
2014,11,LAA,0.7223174117505551
2014,11,SDA,0.6599458603631883
2014,11,CA2,NA
2014,12,NPS,NA
2014,12,SPS,NA
2014,12,CWA,0.6169174883372622
2014,12,CLW,0.6027612664526509
2014,12,WA5,NA
2014,12,CLO,0.5762368202690156
2014,12,TLA,0.5303922087274572
2014,12,NPA,0.5309927221053817
2014,12,CBA,0.6601189969596775
2014,12,BRA,0.6375952934492446
2014,12,OR1,NA
2014,12,CCA,0.6757169685536815
2014,12,ERA,0.6529855041459958
2014,12,BGA,0.5631192232545559
2014,12,BDA,0.5722560514502811
2014,12,SFA,0.8033957471770625
2014,12,MNA,0.5978550954211143
2014,12,MRA,0.6692837913190165
2014,12,SBA,0.7131383611309913
2014,12,LAA,0.7017123986396098
2014,12,SDA,0.6473356457899243
2014,12,CA2,NA
2015,1,NPS,NA
2015,1,SPS,NA
2015,1,CWA,0.5489314950980748
2015,1,CLW,0.5992249096593549
2015,1,WA5,NA
2015,1,CLO,0.5796478250093998
2015,1,TLA,0.6063865540168619
2015,1,NPA,0.5112353972423034
2015,1,CBA,0.6212804265285966
2015,1,BRA,0.5953388836862366
2015,1,OR1,NA
2015,1,CCA,0.6566509897670438
2015,1,ERA,0.6669740009417732
2015,1,BGA,0.6417719841430691
2015,1,BDA,0.7454191883038815
2015,1,SFA,0.795213766636387
2015,1,MNA,0.6548746399661546
2015,1,MRA,0.721592907367214
2015,1,SBA,0.6983230793347923
2015,1,LAA,0.7289106069553283
2015,1,SDA,0.6822878482154987
2015,1,CA2,NA
2015,2,NPS,NA
2015,2,SPS,NA
2015,2,CWA,0.6944591545245864
2015,2,CLW,0.687641620103802
2015,2,WA5,NA
2015,2,CLO,0.6991815412683147
2015,2,TLA,0.6557182329041618
2015,2,NPA,0.7329372959950614
2015,2,CBA,0.7278181764544273
2015,2,BRA,0.6579354115658336
2015,2,OR1,NA
2015,2,CCA,0.6575611121952534
2015,2,ERA,0.6534651835658112
2015,2,BGA,0.625014908966564
2015,2,BDA,0.7494987583890254
2015,2,SFA,0.8438975385257176
2015,2,MNA,0.6660379833053975
2015,2,MRA,0.6828661842005593
2015,2,SBA,0.6884081906505993
2015,2,LAA,0.7320541903110487
2015,2,SDA,0.6952093193421558
2015,2,CA2,NA
2015,3,NPS,NA
2015,3,SPS,NA
2015,3,CWA,0.7223433995526557
2015,3,CLW,0.7472698318381463
2015,3,WA5,NA
2015,3,CLO,0.7659835969248125
2015,3,TLA,0.6696521276107399
2015,3,NPA,0.6584325651755042
2015,3,CBA,0.6550366385466492
2015,3,BRA,0.5732506220379183
2015,3,OR1,NA
2015,3,CCA,0.6516045119252897
2015,3,ERA,0.6447543228551539
2015,3,BGA,0.6480459298497887
2015,3,BDA,0.6179811493042976
2015,3,SFA,0.7557832915936746
2015,3,MNA,0.784762288934441
2015,3,MRA,0.5766697537514471
2015,3,SBA,0.5842587513628826
2015,3,LAA,0.5984627505944621
2015,3,SDA,0.6229956559321848
2015,3,CA2,NA
2015,4,NPS,NA
2015,4,SPS,NA
2015,4,CWA,0.7484273971030206
2015,4,CLW,0.8208836163083713
2015,4,WA5,NA
2015,4,CLO,0.7874645486474037
2015,4,TLA,0.662086348897881
2015,4,NPA,0.617148772765089
2015,4,CBA,0.5642513600133714
2015,4,BRA,0.5526416350294042
2015,4,OR1,NA
2015,4,CCA,0.6772191040217876
2015,4,ERA,0.6593782771201361
2015,4,BGA,0.5420769112529578
2015,4,BDA,0.5865435533580325
2015,4,SFA,0.6553078015645345
2015,4,MNA,0.633347072203954
2015,4,MRA,0.5172755151987076
2015,4,SBA,0.5215105697512626
2015,4,LAA,0.6201788338522116
2015,4,SDA,0.6486456618422554
2015,4,CA2,NA
2015,5,NPS,NA
2015,5,SPS,NA
2015,5,CWA,0.5575172340065853
2015,5,CLW,0.7344088318847841
2015,5,WA5,NA
2015,5,CLO,0.7010748900713459
2015,5,TLA,0.6318903581429554
2015,5,NPA,0.5722826754534116
2015,5,CBA,0.6005312647962351
2015,5,BRA,0.5985567324050438
2015,5,OR1,NA
2015,5,CCA,0.48351847410442367
2015,5,ERA,0.5795034661820407
2015,5,BGA,0.36589946167870663
2015,5,BDA,0.4662967612666468
2015,5,SFA,0.5974869444485633
2015,5,MNA,0.5031974664138209
2015,5,MRA,0.5679365656068248
2015,5,SBA,0.56295911471049
2015,5,LAA,0.5763772973610509
2015,5,SDA,0.5996607031141009
2015,5,CA2,NA
2015,6,NPS,NA
2015,6,SPS,NA
2015,6,CWA,0.5916781322522597
2015,6,CLW,0.61323227211833
2015,6,WA5,NA
2015,6,CLO,0.650307492663463
2015,6,TLA,0.6919933524396684
2015,6,NPA,0.5361731729021779
2015,6,CBA,0.549817060147013
2015,6,BRA,0.524079140358501
2015,6,OR1,NA
2015,6,CCA,0.5129168948158622
2015,6,ERA,0.5268732075889905
2015,6,BGA,0.322971217279081
2015,6,BDA,0.3480261082273154
2015,6,SFA,0.6256975715359052
2015,6,MNA,0.5469227679901653
2015,6,MRA,0.46150179783503215
2015,6,SBA,0.4175392425722546
2015,6,LAA,0.5008826197435459
2015,6,SDA,0.6119647705838793
2015,6,CA2,NA
2015,7,NPS,NA
2015,7,SPS,NA
2015,7,CWA,0.6114936884372465
2015,7,CLW,0.7630984499569862
2015,7,WA5,NA
2015,7,CLO,0.7364572510123253
2015,7,TLA,0.6658459278524562
2015,7,NPA,0.5049905587909043
2015,7,CBA,0.4610450561694835
2015,7,BRA,0.4889524844491781
2015,7,OR1,NA
2015,7,CCA,0.4990686298378052
2015,7,ERA,0.5188964241386009
2015,7,BGA,0.5565991348797275
2015,7,BDA,0.3861564764504059
2015,7,SFA,0.5732311962112304
2015,7,MNA,0.44915225484999277
2015,7,MRA,0.5005344942692788
2015,7,SBA,0.5061736392878717
2015,7,LAA,0.5702041843004765
2015,7,SDA,0.6381769049826854
2015,7,CA2,NA
2015,8,NPS,NA
2015,8,SPS,NA
2015,8,CWA,0.5890388005901991
2015,8,CLW,0.7270113756099055
2015,8,WA5,NA
2015,8,CLO,0.7146963996271933
2015,8,TLA,0.7129469678927494
2015,8,NPA,0.575904644838798
2015,8,CBA,0.565000533096252
2015,8,BRA,0.37725194231156384
2015,8,OR1,NA
2015,8,CCA,0.39419583153099785
2015,8,ERA,0.5515378497987299
2015,8,BGA,0.46727873363588873
2015,8,BDA,0.5574414507584637
2015,8,SFA,0.6492937365847249
2015,8,MNA,0.4863002958797639
2015,8,MRA,0.5907500338169837
2015,8,SBA,0.59707640592129
2015,8,LAA,0.6333227688747067
2015,8,SDA,0.6857078649481321
2015,8,CA2,NA
2015,9,NPS,NA
2015,9,SPS,NA
2015,9,CWA,0.7171017584475604
2015,9,CLW,0.785489132006963
2015,9,WA5,NA
2015,9,CLO,0.7809854517380397
2015,9,TLA,0.7379576328727935
2015,9,NPA,0.6313261867673309
2015,9,CBA,0.6287741201264517
2015,9,BRA,0.6374640502311565
2015,9,OR1,NA
2015,9,CCA,0.6733804907649755
2015,9,ERA,0.6041501377310071
2015,9,BGA,0.6374262382586797
2015,9,BDA,0.7347434310686021
2015,9,SFA,0.7922775626182557
2015,9,MNA,0.6409713379210896
2015,9,MRA,0.6745259229342143
2015,9,SBA,0.6932249469889535
2015,9,LAA,0.7709593298534553
2015,9,SDA,0.8034236394223713
2015,9,CA2,NA
2015,10,NPS,NA
2015,10,SPS,NA
2015,10,CWA,0.7632344090693857
2015,10,CLW,0.8000791846744476
2015,10,WA5,NA
2015,10,CLO,0.7895712097806316
2015,10,TLA,0.7720367648909169
2015,10,NPA,0.672767573466865
2015,10,CBA,0.6580208316102006
2015,10,BRA,0.5516762998369005
2015,10,OR1,NA
2015,10,CCA,0.6018878839189007
2015,10,ERA,0.6918129059850895
2015,10,BGA,0.7507605418082206
2015,10,BDA,0.8049017116770766
2015,10,SFA,0.8574856990768063
2015,10,MNA,0.7315758479538784
2015,10,MRA,0.7270179592793987
2015,10,SBA,0.7597685674185394
2015,10,LAA,0.8309633501114384
2015,10,SDA,0.8006425585065569
2015,10,CA2,NA
2015,11,NPS,NA
2015,11,SPS,NA
2015,11,CWA,0.7686543203664549
2015,11,CLW,0.8349740241964658
2015,11,WA5,NA
2015,11,CLO,0.7838823363184929
2015,11,TLA,0.7399176044596566
2015,11,NPA,0.6208387097826711
2015,11,CBA,0.6848835391657693
2015,11,BRA,0.6456437045777286
2015,11,OR1,NA
2015,11,CCA,0.6626980997622013
2015,11,ERA,0.630277270930154
2015,11,BGA,0.7274101130388401
2015,11,BDA,0.8078236262003581
2015,11,SFA,0.8424382448196411
2015,11,MNA,0.7659717960490121
2015,11,MRA,0.7810577178001404
2015,11,SBA,0.7891629848215316
2015,11,LAA,0.8067249772449334
2015,11,SDA,0.7254600874015263
2015,11,CA2,NA
2015,12,NPS,NA
2015,12,SPS,NA
2015,12,CWA,0.5372973728564479
2015,12,CLW,0.6284788330235789
2015,12,WA5,NA
2015,12,CLO,0.5814042569648835
2015,12,TLA,0.7250737951647851
2015,12,NPA,0.6615915636007931
2015,12,CBA,0.7241313730791417
2015,12,BRA,0.6367169353162944
2015,12,OR1,NA
2015,12,CCA,0.6710776220406255
2015,12,ERA,0.6291032086044962
2015,12,BGA,0.5106376036734565
2015,12,BDA,0.6500036899120577
2015,12,SFA,0.796881361353782
2015,12,MNA,0.5991053275203192
2015,12,MRA,0.6653768635565235
2015,12,SBA,0.7744478809256707
2015,12,LAA,0.7937118430291452
2015,12,SDA,0.7685013765014261
2015,12,CA2,NA
2016,1,NPS,NA
2016,1,SPS,NA
2016,1,CWA,0.4229208125659098
2016,1,CLW,0.4366041916993356
2016,1,WA5,NA
2016,1,CLO,0.38621660129677865
2016,1,TLA,0.4116232633911153
2016,1,NPA,0.4118947865821982
2016,1,CBA,0.4685849250049635
2016,1,BRA,0.45717866750814584
2016,1,OR1,NA
2016,1,CCA,0.5404727826676061
2016,1,ERA,0.5175246328527476
2016,1,BGA,0.41587414584493126
2016,1,BDA,0.5268129939170477
2016,1,SFA,0.7215777986472653
2016,1,MNA,0.49576382371046207
2016,1,MRA,0.585112984718815
2016,1,SBA,0.6573256701231003
2016,1,LAA,0.6590707232394526
2016,1,SDA,0.6078112301189229
2016,1,CA2,NA
2016,2,NPS,NA
2016,2,SPS,NA
2016,2,CWA,0.42152523574036865
2016,2,CLW,0.4740217687754795
2016,2,WA5,NA
2016,2,CLO,0.45649525112119216
2016,2,TLA,0.46841165714565364
2016,2,NPA,0.5077821400544653
2016,2,CBA,0.49141887160651204
2016,2,BRA,0.4937841138620486
2016,2,OR1,NA
2016,2,CCA,0.5566858241398787
2016,2,ERA,0.5657325599140721
2016,2,BGA,0.47673586387743894
2016,2,BDA,0.667859934674108
2016,2,SFA,0.777624171355675
2016,2,MNA,0.58518272055976694
2016,2,MRA,0.5825479782860855
2016,2,SBA,0.6266879072819633
2016,2,LAA,0.6517412522486572
2016,2,SDA,0.642659981996555
2016,2,CA2,NA
2016,3,NPS,NA
2016,3,SPS,NA
2016,3,CWA,0.6289486484793274
2016,3,CLW,0.6806062226814609
2016,3,WA5,NA
2016,3,CLO,0.6517594175473336
2016,3,TLA,0.5577617819591235
2016,3,NPA,0.5486853759348606
2016,3,CBA,0.5246078815603037
2016,3,BRA,0.6039457197257695
2016,3,OR1,NA
2016,3,CCA,0.678815362193892
2016,3,ERA,0.6344965532902749
2016,3,BGA,0.4727122766569951
2016,3,BDA,0.6085670377526964
2016,3,SFA,0.7665575646585034
2016,3,MNA,0.6462800699856974
2016,3,MRA,0.5106301907570131
2016,3,SBA,0.5666695552807982
2016,3,LAA,0.6770454627131262
2016,3,SDA,0.6042695186929219
2016,3,CA2,NA
2016,4,NPS,NA
2016,4,SPS,NA
2016,4,CWA,0.5801477016824664
2016,4,CLW,0.6857735787828763
2016,4,WA5,NA
2016,4,CLO,0.665437210102876
2016,4,TLA,0.539780910147561
2016,4,NPA,0.3986135411041754
2016,4,CBA,0.4334585998029936
2016,4,BRA,0.49265135653592923
2016,4,OR1,NA
2016,4,CCA,0.5358330555260181
2016,4,ERA,0.4610700616524333
2016,4,BGA,0.33084689654685834
2016,4,BDA,0.40593928943077723
2016,4,SFA,0.5383843143781026
2016,4,MNA,0.5102222437659899
2016,4,MRA,0.34886997575561207
2016,4,SBA,0.4998850738008817
2016,4,LAA,0.4855530835067232
2016,4,SDA,0.4754939563217617
2016,4,CA2,NA
2016,5,NPS,NA
2016,5,SPS,NA
2016,5,CWA,0.5759911458513254
2016,5,CLW,0.6723691626421867
2016,5,WA5,NA
2016,5,CLO,0.654512069398357
2016,5,TLA,0.5602254833905927
2016,5,NPA,0.5279559390519255
2016,5,CBA,0.4682303827753814
2016,5,BRA,0.4624864394946765
2016,5,OR1,NA
2016,5,CCA,0.5108861000307144
2016,5,ERA,0.5361108981793927
2016,5,BGA,0.3764860333614452
2016,5,BDA,0.17271799589013723
2016,5,SFA,0.396701927146604
2016,5,MNA,0.3630007399666694
2016,5,MRA,0.3955807606539419
2016,5,SBA,0.5351415111493039
2016,5,LAA,0.43978334608818254
2016,5,SDA,0.4409471065630012
2016,5,CA2,NA
2016,6,NPS,NA
2016,6,SPS,NA
2016,6,CWA,0.493173237054637
2016,6,CLW,0.6693489997337262
2016,6,WA5,NA
2016,6,CLO,0.6519965237627426
2016,6,TLA,0.5314987368053861
2016,6,NPA,0.516314432852798
2016,6,CBA,0.4271294087881134
2016,6,BRA,0.4419949852757984
2016,6,OR1,NA
2016,6,CCA,0.45851268668969475
2016,6,ERA,0.49855488872244247
2016,6,BGA,0.4086821849147479
2016,6,BDA,0.4112410668106306
2016,6,SFA,0.4868056317170461
2016,6,MNA,0.4747210189700127
2016,6,MRA,0.5362500250339508
2016,6,SBA,0.35545506899555523
2016,6,LAA,0.4811433631305893
2016,6,SDA,0.5387008315040952
2016,6,CA2,NA
2016,7,NPS,NA
2016,7,SPS,NA
2016,7,CWA,0.6383739001939723
2016,7,CLW,0.7154931065536314
2016,7,WA5,NA
2016,7,CLO,0.6973465649831679
2016,7,TLA,0.5904222172434612
2016,7,NPA,0.5492881002391965
2016,7,CBA,0.5049599428330699
2016,7,BRA,0.4611242510191429
2016,7,OR1,NA
2016,7,CCA,0.4464903936511086
2016,7,ERA,0.46289378281013205
2016,7,BGA,0.40102560887627275
2016,7,BDA,0.3545090665328338
2016,7,SFA,0.39040258767143377
2016,7,MNA,0.42453367455351737
2016,7,MRA,0.36394297269082837
2016,7,SBA,0.450167761855228
2016,7,LAA,0.5669893567119876
2016,7,SDA,0.612986854144505
2016,7,CA2,NA
2016,8,NPS,NA
2016,8,SPS,NA
2016,8,CWA,0.5194505875673462
2016,8,CLW,0.6345864178672913
2016,8,WA5,NA
2016,8,CLO,0.5941803707711159
2016,8,TLA,0.6046774956167384
2016,8,NPA,0.4709434838277892
2016,8,CBA,0.42301226472525
2016,8,BRA,0.47030327797576943
2016,8,OR1,NA
2016,8,CCA,0.47776650036534957
2016,8,ERA,0.47818919137326255
2016,8,BGA,0.39682976327382535
2016,8,BDA,0.2947544908228283
2016,8,SFA,0.5317424655921997
2016,8,MNA,0.4997896729938446
2016,8,MRA,0.46833399149679367
2016,8,SBA,0.5511153654385639
2016,8,LAA,0.6115873673510167
2016,8,SDA,0.7541239745056574
2016,8,CA2,NA
2016,9,NPS,NA
2016,9,SPS,NA
2016,9,CWA,0.6414058649178708
2016,9,CLW,0.685801916817824
2016,9,WA5,NA
2016,9,CLO,0.6694353515903155
2016,9,TLA,0.6524097078376346
2016,9,NPA,0.5017216754180414
2016,9,CBA,0.5365056391273226
2016,9,BRA,0.3403909883013478
2016,9,OR1,NA
2016,9,CCA,0.4796905365462104
2016,9,ERA,0.530117829924538
2016,9,BGA,0.32630911488775854
2016,9,BDA,0.4393175472815831
2016,9,SFA,0.6765242258707682
2016,9,MNA,0.5840090860923132
2016,9,MRA,0.5877151455481847
2016,9,SBA,0.5551160906751951
2016,9,LAA,0.6101605446388324
2016,9,SDA,0.66990341146787
2016,9,CA2,NA
2016,10,NPS,NA
2016,10,SPS,NA
2016,10,CWA,0.5789843500534461
2016,10,CLW,0.641144263888559
2016,10,WA5,NA
2016,10,CLO,0.6171583869764882
2016,10,TLA,0.5781066518637442
2016,10,NPA,0.6461511523492874
2016,10,CBA,0.5789009985011844
2016,10,BRA,0.5216292887926102
2016,10,OR1,NA
2016,10,CCA,0.5680392413370071
2016,10,ERA,0.4182290598269432
2016,10,BGA,0.42264386728459363
2016,10,BDA,0.6435673971604642
2016,10,SFA,0.7508382451149725
2016,10,MNA,0.6478582420336303
2016,10,MRA,0.7245453353851072
2016,10,SBA,0.545302705098224
2016,10,LAA,0.6722561201501277
2016,10,SDA,0.6323697525784717
2016,10,CA2,NA
2016,11,NPS,NA
2016,11,SPS,NA
2016,11,CWA,0.5287577915823821
2016,11,CLW,0.6160512412587802
2016,11,WA5,NA
2016,11,CLO,0.6372010163962841
2016,11,TLA,0.6767969388100836
2016,11,NPA,0.555571307849001
2016,11,CBA,0.5346036014102754
2016,11,BRA,0.5601045630044408
2016,11,OR1,NA
2016,11,CCA,0.6278085724761089
2016,11,ERA,0.6522505474232492
2016,11,BGA,0.5968890567620595
2016,11,BDA,0.7943912213756925
2016,11,SFA,0.8151723096768062
2016,11,MNA,0.7228486776351929
2016,11,MRA,0.7902283195654551
2016,11,SBA,0.6742134963472685
2016,11,LAA,0.7019484811772903
2016,11,SDA,0.6973829785982768
2016,11,CA2,NA
2016,12,NPS,NA
2016,12,SPS,NA
2016,12,CWA,0.4156444248515889
2016,12,CLW,0.3857227258023716
2016,12,WA5,NA
2016,12,CLO,0.3600582965319195
2016,12,TLA,0.4022145583744972
2016,12,NPA,0.4236061125459637
2016,12,CBA,0.5108726592176521
2016,12,BRA,0.46182786951035154
2016,12,OR1,NA
2016,12,CCA,0.47015259502034995
2016,12,ERA,0.5519319980100553
2016,12,BGA,0.40969727703747355
2016,12,BDA,0.6435931551566322
2016,12,SFA,0.648805905734339
2016,12,MNA,0.5695484783700717
2016,12,MRA,0.6784961538930093
2016,12,SBA,0.6962322595939842
2016,12,LAA,0.6708829497858402
2016,12,SDA,0.6098030694344077
2016,12,CA2,NA
2017,1,NPS,NA
2017,1,SPS,NA
2017,1,CWA,0.4625807120478398
2017,1,CLW,0.4780282628151678
2017,1,WA5,NA
2017,1,CLO,0.45043875709656744
2017,1,TLA,0.4989073409508633
2017,1,NPA,0.565094085897596
2017,1,CBA,0.6126795612996624
2017,1,BRA,0.5831040101239331
2017,1,OR1,NA
2017,1,CCA,0.577594572978635
2017,1,ERA,0.5492775530859073
2017,1,BGA,0.6643153427963189
2017,1,BDA,0.672530130307246
2017,1,SFA,0.7458397890290906
2017,1,MNA,0.566480964422226
2017,1,MRA,0.6548115887949544
2017,1,SBA,0.6456268783859027
2017,1,LAA,0.7605632372921513
2017,1,SDA,0.7318430900024379
2017,1,CA2,NA
2017,2,NPS,NA
2017,2,SPS,NA
2017,2,CWA,0.5057814353472226
2017,2,CLW,0.5166914649307728
2017,2,WA5,NA
2017,2,CLO,0.45766677614301443
2017,2,TLA,0.5065974584292798
2017,2,NPA,0.574603565983356
2017,2,CBA,0.6107728400704812
2017,2,BRA,0.5999707869357533
2017,2,OR1,NA
2017,2,CCA,0.6581750794180802
2017,2,ERA,0.7108232179770664
2017,2,BGA,0.61018175016793
2017,2,BDA,0.7492563444740918
2017,2,SFA,0.8152020605547088
2017,2,MNA,0.6799050266189235
2017,2,MRA,0.7359820996012006
2017,2,SBA,0.7458174881480989
2017,2,LAA,0.7168739318315472
2017,2,SDA,0.7051786391102538
2017,2,CA2,NA
2017,3,NPS,NA
2017,3,SPS,NA
2017,3,CWA,0.5604641981138861
2017,3,CLW,0.5971042400886936
2017,3,WA5,NA
2017,3,CLO,0.5684988313624936
2017,3,TLA,0.56613309457097
2017,3,NPA,0.5240479668195103
2017,3,CBA,0.541551727990401
2017,3,BRA,0.5003862633072774
2017,3,OR1,NA
2017,3,CCA,0.583850503809029
2017,3,ERA,0.604904006291095
2017,3,BGA,0.5419171361726672
2017,3,BDA,0.6606139205567848
2017,3,SFA,0.8185852045013058
2017,3,MNA,0.6998252817379531
2017,3,MRA,0.5928106059951167
2017,3,SBA,0.6542234608242589
2017,3,LAA,0.6715156433563079
2017,3,SDA,0.6446122255193473
2017,3,CA2,NA
2017,4,NPS,NA
2017,4,SPS,NA
2017,4,CWA,0.6679968530196322
2017,4,CLW,0.6774076199845264
2017,4,WA5,NA
2017,4,CLO,0.6192903369665146
2017,4,TLA,0.5427914092415258
2017,4,NPA,0.6384950424844061
2017,4,CBA,0.6657449596358421
2017,4,BRA,0.49671278440812877
2017,4,OR1,NA
2017,4,CCA,0.5547000053093621
2017,4,ERA,0.578411306653704
2017,4,BGA,0.4404694950371458
2017,4,BDA,0.4841838449911964
2017,4,SFA,0.7376644062368494
2017,4,MNA,0.5785597215096155
2017,4,MRA,0.40583511339990713
2017,4,SBA,0.6835224738246516
2017,4,LAA,0.6535974978224227
2017,4,SDA,0.7327144638936323
2017,4,CA2,NA
2017,5,NPS,NA
2017,5,SPS,NA
2017,5,CWA,0.6789841914107023
2017,5,CLW,0.7767508750961672
2017,5,WA5,NA
2017,5,CLO,0.7642774524227265
2017,5,TLA,0.6448305327725667
2017,5,NPA,0.43206386460411933
2017,5,CBA,0.45297145788570703
2017,5,BRA,0.4652796378058772
2017,5,OR1,NA
2017,5,CCA,0.556322506238376
2017,5,ERA,0.5584255406796108
2017,5,BGA,0.34388705257553354
2017,5,BDA,0.37879731138730377
2017,5,SFA,0.6379038864566433
2017,5,MNA,0.5337208519859981
2017,5,MRA,0.5210727259036033
2017,5,SBA,0.6147638104295218
2017,5,LAA,0.5484973968517396
2017,5,SDA,0.6147488091947846
2017,5,CA2,NA
2017,6,NPS,NA
2017,6,SPS,NA
2017,6,CWA,0.6137996745832038
2017,6,CLW,0.7249919737378756
2017,6,WA5,NA
2017,6,CLO,0.6728975522021452
2017,6,TLA,0.5846400366889106
2017,6,NPA,0.5877737041976717
2017,6,CBA,0.5271923041769436
2017,6,BRA,0.4754017295108901
2017,6,OR1,NA
2017,6,CCA,0.5241160171727339
2017,6,ERA,0.6256459684599014
2017,6,BGA,0.5271116215321753
2017,6,BDA,0.4575625198228019
2017,6,SFA,0.557207574446996
2017,6,MNA,0.49340438370903333
2017,6,MRA,0.5420370676120122
2017,6,SBA,0.5023491003447109
2017,6,LAA,0.5142146010572711
2017,6,SDA,0.5905150507177626
2017,6,CA2,NA
2017,7,NPS,NA
2017,7,SPS,NA
2017,7,CWA,0.607690808185734
2017,7,CLW,0.7493378255636461
2017,7,WA5,NA
2017,7,CLO,0.7313307764068726
2017,7,TLA,0.7493919217458335
2017,7,NPA,0.5266014220039477
2017,7,CBA,0.4919840079573442
2017,7,BRA,0.5004281592304989
2017,7,OR1,NA
2017,7,CCA,0.5095024206825802
2017,7,ERA,0.4946960954484852
2017,7,BGA,0.4667737386773564
2017,7,BDA,0.31271640413917157
2017,7,SFA,0.5576323001615462
2017,7,MNA,0.5045706544031379
2017,7,MRA,0.4698688069658895
2017,7,SBA,0.5051382344256166
2017,7,LAA,0.5305042725296751
2017,7,SDA,0.7274274977121485
2017,7,CA2,NA
2017,8,NPS,NA
2017,8,SPS,NA
2017,8,CWA,0.6689711671945286
2017,8,CLW,0.757299094430862
2017,8,WA5,NA
2017,8,CLO,0.7476123907873707
2017,8,TLA,0.7013725127263736
2017,8,NPA,0.4596904170128607
2017,8,CBA,0.4746226684838396
2017,8,BRA,0.3880605692023872
2017,8,OR1,NA
2017,8,CCA,0.4496137810450408
2017,8,ERA,0.4926442508735964
2017,8,BGA,0.3198611782763594
2017,8,BDA,0.27119923163256887
2017,8,SFA,0.5803664533361312
2017,8,MNA,0.5625701309532247
2017,8,MRA,0.6212268056408051
2017,8,SBA,0.5607678814921327
2017,8,LAA,0.6278302679138799
2017,8,SDA,0.7370317325614015
2017,8,CA2,NA
2017,9,NPS,NA
2017,9,SPS,NA
2017,9,CWA,0.7260367885683522
2017,9,CLW,0.7645512774586678
2017,9,WA5,NA
2017,9,CLO,0.7349378009637197
2017,9,TLA,0.6916132554411888
2017,9,NPA,0.5582640789173268
2017,9,CBA,0.5290392062493733
2017,9,BRA,0.47864010714822347
2017,9,OR1,NA
2017,9,CCA,0.5596409711986781
2017,9,ERA,0.5616066646008264
2017,9,BGA,0.5054807568589846
2017,9,BDA,0.5500716094105017
2017,9,SFA,0.749514389038086
2017,9,MNA,0.6918523944086499
2017,9,MRA,0.7388266175985336
2017,9,SBA,0.5930204906397396
2017,9,LAA,0.6078470308333636
2017,9,SDA,0.5961496627046948
2017,9,CA2,NA
2017,10,NPS,NA
2017,10,SPS,NA
2017,10,CWA,0.7773987297788044
2017,10,CLW,0.8299825782737424
2017,10,WA5,NA
2017,10,CLO,0.8191959612792538
2017,10,TLA,0.7299197889784331
2017,10,NPA,0.5499715657644374
2017,10,CBA,0.5145201726992559
2017,10,BRA,0.5341835720030638
2017,10,OR1,NA
2017,10,CCA,0.6645812160305439
2017,10,ERA,0.6035027368002773
2017,10,BGA,0.45549827466942505
2017,10,BDA,0.6939528658642747
2017,10,SFA,0.7274988610898294
2017,10,MNA,0.6894831285681776
2017,10,MRA,0.7732554539557426
2017,10,SBA,0.6812118686014607
2017,10,LAA,0.7441340615191767
2017,10,SDA,0.7107527816350558
2017,10,CA2,NA
2017,11,NPS,NA
2017,11,SPS,NA
2017,11,CWA,0.7128626742146232
2017,11,CLW,0.7638195211688678
2017,11,WA5,NA
2017,11,CLO,0.7203641024728616
2017,11,TLA,0.5686200721396341
2017,11,NPA,0.6455101366396303
2017,11,CBA,0.5192074283247903
2017,11,BRA,0.5622797664668825
2017,11,OR1,NA
2017,11,CCA,0.6172970636437336
2017,11,ERA,0.502549825821604
2017,11,BGA,0.5386908730974904
2017,11,BDA,0.7192704856395722
2017,11,SFA,0.8070384522279104
2017,11,MNA,0.8278285682201385
2017,11,MRA,0.8185733520984649
2017,11,SBA,0.6892068919208314
2017,11,LAA,0.7643020177880923
2017,11,SDA,0.7059303012632189
2017,11,CA2,NA
2017,12,NPS,NA
2017,12,SPS,NA
2017,12,CWA,0.5564641850260346
2017,12,CLW,0.5994044011158328
2017,12,WA5,NA
2017,12,CLO,0.5208085813829976
2017,12,TLA,0.5375829464004885
2017,12,NPA,0.5256676792991631
2017,12,CBA,0.490892496526516
2017,12,BRA,0.5515568890879231
2017,12,OR1,NA
2017,12,CCA,0.6294832123864081
2017,12,ERA,0.5156450198817363
2017,12,BGA,0.546125957722305
2017,12,BDA,0.7550239656378047
2017,12,SFA,0.7549172139936877
2017,12,MNA,0.7120341374989478
2017,12,MRA,0.7467213334575776
2017,12,SBA,0.7747548542996888
2017,12,LAA,0.7612162898144414
2017,12,SDA,0.692269923088188
2017,12,CA2,NA
2018,1,NPS,NA
2018,1,SPS,NA
2018,1,CWA,0.5398632988901781
2018,1,CLW,0.6373980434671525
2018,1,WA5,NA
2018,1,CLO,0.553535147540031
2018,1,TLA,0.5454959959112188
2018,1,NPA,0.6839438924652701
2018,1,CBA,0.5420776219686605
2018,1,BRA,0.5840913386327818
2018,1,OR1,NA
2018,1,CCA,0.5690711801571231
2018,1,ERA,0.5949465350895983
2018,1,BGA,0.5726908344949018
2018,1,BDA,0.7377076039116504
2018,1,SFA,0.8082271910482837
2018,1,MNA,0.723056641317183
2018,1,MRA,0.7833405625435614
2018,1,SBA,0.8312233442901283
2018,1,LAA,0.8404833090401465
2018,1,SDA,0.7849248010442004
2018,1,CA2,NA
2018,2,NPS,NA
2018,2,SPS,NA
2018,2,CWA,0.5645155036797771
2018,2,CLW,0.6079367662646941
2018,2,WA5,NA
2018,2,CLO,0.6341509968042374
2018,2,TLA,0.6376316082619485
2018,2,NPA,0.643184297969417
2018,2,CBA,0.6024946968774406
2018,2,BRA,0.5732710050448538
2018,2,OR1,NA
2018,2,CCA,0.6397469720936247
2018,2,ERA,0.6039886352967243
2018,2,BGA,0.5822102251861776
2018,2,BDA,0.6308847427064058
2018,2,SFA,0.812201663851738
2018,2,MNA,0.7575961888900825
2018,2,MRA,0.7454671570232936
2018,2,SBA,0.7402181460389069
2018,2,LAA,0.7583504601248673
2018,2,SDA,0.679342413435177
2018,2,CA2,NA
2018,3,NPS,NA
2018,3,SPS,NA
2018,3,CWA,0.6562724659694604
2018,3,CLW,0.6446858353672489
2018,3,WA5,NA
2018,3,CLO,0.6013618943191343
2018,3,TLA,0.5646597767068494
2018,3,NPA,0.6215448650301144
2018,3,CBA,0.6375880096845913
2018,3,BRA,0.6059449950640347
2018,3,OR1,NA
2018,3,CCA,0.623455076448379
2018,3,ERA,0.6037938201345057
2018,3,BGA,0.5325608064944599
2018,3,BDA,0.6393024841761259
2018,3,SFA,0.7829428690095102
2018,3,MNA,0.6750191695267154
2018,3,MRA,0.6550507553162114
2018,3,SBA,0.7593256337668306
2018,3,LAA,0.7321097267971884
2018,3,SDA,0.7486877131022616
2018,3,CA2,NA
2018,4,NPS,NA
2018,4,SPS,NA
2018,4,CWA,0.6770886305606727
2018,4,CLW,0.7970164939761162
2018,4,WA5,NA
2018,4,CLO,0.7868864481647809
2018,4,TLA,0.7288125163979
2018,4,NPA,0.6491510859242192
2018,4,CBA,0.6383761855817977
2018,4,BRA,0.5538205689854092
2018,4,OR1,NA
2018,4,CCA,0.6673104807734489
2018,4,ERA,0.6382282871575583
2018,4,BGA,0.48851823094818325
2018,4,BDA,0.49203159638813565
2018,4,SFA,0.785140527288119
2018,4,MNA,0.7213830967744191
2018,4,MRA,0.5299449942509333
2018,4,SBA,0.6754041092263328
2018,4,LAA,0.6744775554786127
2018,4,SDA,0.6584387425865446
2018,4,CA2,NA
2018,5,NPS,NA
2018,5,SPS,NA
2018,5,CWA,0.7152164227102509
2018,5,CLW,0.8159965420922926
2018,5,WA5,NA
2018,5,CLO,0.7962066286033199
2018,5,TLA,0.6521452681351734
2018,5,NPA,0.5896110177894647
2018,5,CBA,0.5316346591930785
2018,5,BRA,0.5389443117871506
2018,5,OR1,NA
2018,5,CCA,0.6194819157883045
2018,5,ERA,0.6354734831691338
2018,5,BGA,0.443008078629398
2018,5,BDA,0.5646215182844944
2018,5,SFA,0.7582021240265139
2018,5,MNA,0.6653212233576723
2018,5,MRA,0.6456205214223554
2018,5,SBA,0.652911584704153
2018,5,LAA,0.6248042016260086
2018,5,SDA,0.7347035482182481
2018,5,CA2,NA
2018,6,NPS,NA
2018,6,SPS,NA
2018,6,CWA,0.7393621063593662
2018,6,CLW,0.838672798871994
2018,6,WA5,NA
2018,6,CLO,0.8235632518927256
2018,6,TLA,0.8128396557437049
2018,6,NPA,0.7090396437380049
2018,6,CBA,0.6642887307064874
2018,6,BRA,0.42053500529792576
2018,6,OR1,NA
2018,6,CCA,0.5654916618019342
2018,6,ERA,0.6301968092010134
2018,6,BGA,0.48182672654037123
2018,6,BDA,0.4961506079350199
2018,6,SFA,0.7025668323040009
2018,6,MNA,0.6398004909356435
2018,6,MRA,0.5258429867029191
2018,6,SBA,0.48138742943604784
2018,6,LAA,0.6335446655750274
2018,6,SDA,0.6893954901468186
2018,6,CA2,NA
2018,7,NPS,NA
2018,7,SPS,NA
2018,7,CWA,0.7024665027419843
2018,7,CLW,0.7914971526592008
2018,7,WA5,NA
2018,7,CLO,0.7501280788452395
2018,7,TLA,0.7129845990929552
2018,7,NPA,0.621289560444466
2018,7,CBA,0.4168973762868187
2018,7,BRA,0.47413323164039617
2018,7,OR1,NA
2018,7,CCA,0.4803731634972557
2018,7,ERA,0.6078105619700823
2018,7,BGA,0.44600260129538916
2018,7,BDA,0.3782968032881961
2018,7,SFA,0.6890352310672883
2018,7,MNA,0.5382204964276283
2018,7,MRA,0.5659352825533959
2018,7,SBA,0.641818511389917
2018,7,LAA,0.6796317742236199
2018,7,SDA,0.7740251111544771
2018,7,CA2,NA
2018,8,NPS,NA
2018,8,SPS,NA
2018,8,CWA,0.6705921514292966
2018,8,CLW,0.7746185285429801
2018,8,WA5,NA
2018,8,CLO,0.7859115884188683
2018,8,TLA,0.7676562750211327
2018,8,NPA,0.6393452413834124
2018,8,CBA,0.53758859400925
2018,8,BRA,0.5932867412712411
2018,8,OR1,NA
2018,8,CCA,0.5464972773146245
2018,8,ERA,0.5867253304351859
2018,8,BGA,0.531711809737708
2018,8,BDA,0.4422410331700804
2018,8,SFA,0.7054081501499299
2018,8,MNA,0.6708512338258887
2018,8,MRA,0.7506331707200696
2018,8,SBA,0.6943049410017588
2018,8,LAA,0.7365896516749936
2018,8,SDA,0.8217871366283311
2018,8,CA2,NA
2018,9,NPS,NA
2018,9,SPS,NA
2018,9,CWA,0.8058270887895064
2018,9,CLW,0.8493424519896507
2018,9,WA5,NA
2018,9,CLO,0.8546755462884903
2018,9,TLA,0.7655765738752154
2018,9,NPA,0.688618011938201
2018,9,CBA,0.5216011869765463
2018,9,BRA,0.48182976405929634
2018,9,OR1,NA
2018,9,CCA,0.613346598794063
2018,9,ERA,0.6359838577963057
2018,9,BGA,0.45423705793089336
2018,9,BDA,0.5027251428081876
2018,9,SFA,0.7873030672470729
2018,9,MNA,0.734594914648268
2018,9,MRA,0.7847297338644663
2018,9,SBA,0.7240051315890418
2018,9,LAA,0.796992339193821
2018,9,SDA,0.7274150584425245
2018,9,CA2,NA
2018,10,NPS,NA
2018,10,SPS,NA
2018,10,CWA,0.8359626218720265
2018,10,CLW,0.8791567106400766
2018,10,WA5,NA
2018,10,CLO,0.8623234990143007
2018,10,TLA,0.738492444638283
2018,10,NPA,0.6723145589392673
2018,10,CBA,0.6430070019812079
2018,10,BRA,0.5030984150038825
2018,10,OR1,NA
2018,10,CCA,0.6155930409027685
2018,10,ERA,0.6388967313250089
2018,10,BGA,0.5666163936524408
2018,10,BDA,0.8083464959250067
2018,10,SFA,0.8562624348748115
2018,10,MNA,0.801234540118966
2018,10,MRA,0.7970095196077901
2018,10,SBA,0.7091860556474296
2018,10,LAA,0.7944300047332241
2018,10,SDA,0.7425399782470844
2018,10,CA2,NA
2018,11,NPS,NA
2018,11,SPS,NA
2018,11,CWA,0.783087276689934
2018,11,CLW,0.8154204413294792
2018,11,WA5,NA
2018,11,CLO,0.7726706842581431
2018,11,TLA,0.7197913736104965
2018,11,NPA,0.7839583935561003
2018,11,CBA,0.5811122936861856
2018,11,BRA,0.43678136627983166
2018,11,OR1,NA
2018,11,CCA,0.5058584588269393
2018,11,ERA,0.6360637652022498
2018,11,BGA,0.6535825976619014
2018,11,BDA,0.7759073887552534
2018,11,SFA,0.8237253874540329
2018,11,MNA,0.7956477072503831
2018,11,MRA,0.8240482604503632
2018,11,SBA,0.8239416417148379
2018,11,LAA,0.8247414502004782
2018,11,SDA,0.7749697276524135
2018,11,CA2,NA
2018,12,NPS,NA
2018,12,SPS,NA
2018,12,CWA,0.6489082648257706
2018,12,CLW,0.6703509964769887
2018,12,WA5,NA
2018,12,CLO,0.6470577418804169
2018,12,TLA,0.6110878575553176
2018,12,NPA,0.5699232405445481
2018,12,CBA,0.5967276888783626
2018,12,BRA,0.5318160150533936
2018,12,OR1,NA
2018,12,CCA,0.5322742758378867
2018,12,ERA,0.6490956351229672
2018,12,BGA,0.6425495752296995
2018,12,BDA,0.7117016224817196
2018,12,SFA,0.8729914551781071
2018,12,MNA,0.7604964119131847
2018,12,MRA,0.7871442560226687
2018,12,SBA,0.8066422176617448
2018,12,LAA,0.7970999956371323
2018,12,SDA,0.7796186219712007
2018,12,CA2,NA
