"asc_sfa_nanc","asc_laa_nanc","asc_laa_cmck","asc_laa_msqd","asc_laa_ytna","asc_mna_msqd","asc_sba_msqd","asc_laa_btna","asc_sfa_msqd","asc_mna_psdn","asc_sba_cmck","asc_mra_msqd","asc_laa_psdn","asc_mna_nanc","c_btna","c_psdn","w_nanc","w_cmck","w_msqd","w_tuna","w_psdn","lambda_part","lambda_cmck","lambda_msqd","lambda_psdn","lambda_nanc","lambda_tuna","B_mean_avail","B_mean_price","B_wind_max_220_mh","B_d_d","B_d_cd","B_dist_port_to_catch_area_zero","B_unem_rate_part","asc_no_participation","B_unem_rate_nopart","w_nopart","B_dist_to_cog","logLike"
-2.53729973723049,-2.76342942929606,-2.38101239252578,-1.90369169766118,-2.95537517941167,-2.12572297247754,-1.90225603041756,-3.1496836945316,-2.11293719754907,-2.57285918298081,-2.4072181605801,-2.45701288838967,-2.60140776686057,-2.32898218430283,-4.42557451634157,-0.451274358182622,-4.69520476372631,-3.74380753692828,-3.72765406346983,-2.98833796737004,-4.05617278506599,0.371037133566814,0.371037132280195,0.367029862301959,0.340841416595403,0.259947025878694,0.369992368843079,1.06618578421825,0.189629703685211,-0.0409947993949797,-0.997584471670165,-0.961024939980397,-0.00423755955282918,0.186419189906069,0,0,0,-0.00152356747733147,-30612.4708619146
-2.53729973723049,-2.76342942929606,-2.38101239252578,-1.90369169766118,-2.95537517941167,-2.12572297247754,-1.90225603041756,-3.1496836945316,-2.11293719754907,-2.57285918298081,-2.4072181605801,-2.45701288838967,-2.60140776686057,-2.32898218430283,-4.42557451634157,-0.451274358182622,-4.69520476372631,-3.74380753692828,-3.72765406346983,-2.98833796737004,-4.05617278506599,0.371037133566814,0.371037132280195,0.367029862301959,0.340841416595403,0.259947025878694,0.369992368843079,1.06618578421825,0.189629703685211,-0.0409947993949797,-0.997584471670165,-0.961024939980397,-0.00423755955282918,0.186419189906069,0,0,0,-0.00152356747733147,-30612.4708619146
-2.53729973723049,-2.76342942929606,-2.38101239252578,-1.90369169766118,-2.95537517941167,-2.12572297247754,-1.90225603041756,-3.1496836945316,-2.11293719754907,-2.57285918298081,-2.4072181605801,-2.45701288838967,-2.60140776686057,-2.32898218430283,-4.42557451634157,-0.451274358182622,-4.69520476372631,-3.74380753692828,-3.72765406346983,-2.98833796737004,-4.05617278506599,0.371037133566814,0.371037132280195,0.367029862301959,0.340841416595403,0.259947025878694,0.369992368843079,1.06618578421825,0.189629703685211,-0.0409947993949797,-0.997584471670165,-0.961024939980397,-0.00423755955282918,0.186419189906069,0,0,0,-0.00152356747733147,-30612.4708619146
-2.53729973723049,-2.76342942929606,-2.38101239252578,-1.90369169766118,-2.95537517941167,-2.12572297247754,-1.90225603041756,-3.1496836945316,-2.11293719754907,-2.57285918298081,-2.4072181605801,-2.45701288838967,-2.60140776686057,-2.32898218430283,-4.42557451634157,-0.451274358182622,-4.69520476372631,-3.74380753692828,-3.72765406346983,-2.98833796737004,-4.05617278506599,0.371037133566814,0.371037132280195,0.367029862301959,0.340841416595403,0.259947025878694,0.369992368843079,1.06618578421825,0.189629703685211,-0.0409947993949797,-0.997584471670165,-0.961024939980397,-0.00423755955282918,0.186419189906069,0,0,0,-0.00152356747733147,-30612.4708619146
-2.53729973728274,-2.76342942929384,-2.38101239249619,-1.90369169780684,-2.95537517941514,-2.12572297185263,-1.90225602983628,-3.14968369454807,-2.11293719760612,-2.57285918300279,-2.40721816062044,-2.45701288861619,-2.6014077668291,-2.32898218414827,-4.42557451634157,-0.451274358192729,-4.69520476372511,-3.74380753692852,-3.72765406344507,-2.98833796737175,-4.05617278506513,0.37103713314226,0.371037132213409,0.367029861732315,0.340841416561353,0.259947025754123,0.369992368852147,1.06618578465633,0.189629704228342,-0.0409947866909902,-0.997584471871951,-0.961024939985127,-0.00423753054111393,0.186419195598364,0,0,0,-0.0015238176921427,-30612.2281115179
-2.53729973731124,-2.76342942929725,-2.38101239244672,-1.90369169783486,-2.95537517941319,-2.12572297123002,-1.90225602930291,-3.1496836945607,-2.11293719754318,-2.5728591830324,-2.40721816066371,-2.45701288887223,-2.6014077667939,-2.32898218401384,-4.42557451634157,-0.451274358203174,-4.695204763724,-3.7438075369281,-3.72765406341811,-2.98833796737178,-4.05617278506446,0.37103713273187,0.371037132150592,0.367029861370142,0.34084141652777,0.259947025644598,0.369992368866111,1.06618578517645,0.189629704970659,-0.0409947720986482,-0.997584472063192,-0.961024939989182,-0.00423749297712816,0.186419202487131,0,0,0,-0.0015238189584276,-30612.2218818125
-2.53729973733662,-2.76342942929361,-2.38101239237895,-1.90369169807666,-2.95537517943412,-2.12572297041173,-1.90225602897107,-3.14968369458856,-2.11293719746343,-2.57285918306187,-2.40721816070728,-2.45701288915397,-2.60140776675212,-2.32898218380821,-4.42557451634157,-0.451274358211888,-4.6952047637228,-3.74380753692763,-3.72765406339292,-2.98833796737413,-4.05617278506393,0.371037132338485,0.371037132095956,0.367029860860024,0.340841416494629,0.25994702557288,0.369992368878147,1.06618578558032,0.189629705419879,-0.0409947598656614,-0.997584472199931,-0.961024939990491,-0.00423749423103369,0.186419208314961,0,0,0,-0.00152381901863807,-30612.2212370226
-2.53729973735027,-2.7634294292959,-2.38101239236726,-1.90369169813064,-2.95537517943489,-2.12572297019719,-1.90225602883829,-3.14968369459446,-2.11293719744771,-2.57285918307524,-2.40721816072765,-2.45701288926239,-2.60140776673941,-2.32898218376561,-4.42557451634157,-0.4512743582169,-4.69520476372234,-3.74380753692759,-3.72765406338549,-2.98833796737425,-4.05617278506296,0.371037132102116,0.371037132025597,0.367029860455867,0.340841416478169,0.259947025519197,0.369992368882139,1.06618578569098,0.189629705543477,-0.0409947573761058,-0.997584472285668,-0.961024939993042,-0.00423748843135538,0.18641920966288,0,0,0,-0.00152386904695409,-30612.1727062842
-2.53729973735597,-2.76342942929658,-2.38101239235737,-1.90369169813624,-2.9553751794345,-2.12572297007267,-1.90225602873162,-3.14968369459699,-2.11293719743513,-2.57285918308116,-2.4072181607363,-2.4570128893136,-2.60140776673237,-2.32898218373873,-4.42557451634157,-0.45127435821899,-4.69520476372212,-3.74380753692751,-3.7276540633801,-2.98833796737425,-4.05617278506282,0.371037132020376,0.371037132012695,0.367029860383449,0.340841416471453,0.259947025497292,0.369992368884931,1.06618578579501,0.189629705691943,-0.0409947544575949,-0.997584472323915,-0.961024939993852,-0.00423748091850468,0.186419211040647,0,0,0,-0.0015238693002169,-30612.171460337
-2.53729973736309,-2.76342942929578,-2.38101239234257,-1.9036916981904,-2.9553751794388,-2.12572296988402,-1.90225602864195,-3.14968369460329,-2.11293719742155,-2.57285918308797,-2.40721816074666,-2.45701288937899,-2.60140776672272,-2.3289821836914,-4.42557451634157,-0.451274358221157,-4.69520476372173,-3.74380753692733,-3.72765406337407,-2.98833796737482,-4.05617278506265,0.371037131938254,0.371037131985524,0.367029860258646,0.340841416463542,0.259947025477907,0.369992368887739,1.06618578589336,0.189629705803532,-0.040994751502866,-0.997584472359312,-0.961024939994321,-0.00423748000878082,0.186419212433811,0,0,0,-0.00152387931728843,-30612.1616268133
-2.53729973736632,-2.76342942929583,-2.38101239233942,-1.90369169819732,-2.95537517943886,-2.12572296983418,-1.9022560285974,-3.14968369460445,-2.1129371974213,-2.57285918309004,-2.40721816075001,-2.4570128893983,-2.60140776672005,-2.32898218367987,-4.42557451634157,-0.451274358221979,-4.69520476372164,-3.74380753692733,-3.72765406337201,-2.98833796737488,-4.05617278506259,0.371037131905956,0.371037131979125,0.367029860221204,0.340841416460833,0.259947025468533,0.369992368888658,1.06618578593164,0.189629705854896,-0.0409947504130717,-0.997584472375055,-0.961024939994671,-0.0042374773446912,0.186419212936295,0,0,0,-0.00152388937286616,-30612.1516732549
-2.53729973736954,-2.76342942929587,-2.38101239233624,-1.90369169820455,-2.95537517943895,-2.12572296978413,-1.90225602855318,-3.14968369460564,-2.11293719742105,-2.5728591830921,-2.40721816075335,-2.4570128894176,-2.60140776671738,-2.32898218366823,-4.42557451634157,-0.451274358222797,-4.69520476372155,-3.74380753692732,-3.72765406336994,-2.98833796737495,-4.05617278506253,0.37103713187494,0.371037131971676,0.367029860183811,0.340841416458132,0.259947025459235,0.369992368889576,1.06618578596973,0.189629705905804,-0.0409947493267791,-0.997584472390669,-0.961024939995021,-0.00423747473961818,0.186419213436996,0,0,0,-0.00152389941825164,-30612.1417362778
-2.53730194233529,-2.76342967535801,-2.38100849793888,-1.90369441013398,-2.95537508504256,-2.12567403867222,-1.902215039629,-3.14968471693011,-2.11293224889184,-2.57286148655692,-2.40722152922273,-2.45703287224147,-2.60140501197998,-2.32897155004482,-4.42557451636454,-0.451275166824912,-4.6952046809229,-3.74380750463876,-3.72765197332304,-2.98833797580741,-4.05617272940822,0.371070987002019,0.370966520063127,0.36700132889789,0.3408388013059,0.259938604982462,0.369993447156821,1.06622596585537,0.18968673868967,-0.0398652508437688,-0.997599218011955,-0.961025247881179,-0.00141197614085048,0.186952581953847,0,0,0,-0.00160423197323246,-30336.3418112507
-2.53735297013372,-2.76343154163039,-2.38087647760915,-1.9041516164935,-2.95542139340244,-2.12408297744142,-1.90149394572761,-3.14974464433063,-2.11277059065862,-2.57292072058524,-2.40730873103344,-2.45760325360407,-2.60132416081449,-2.32857904424968,-4.42557451733265,-0.451293361492926,-4.69520231655982,-3.7438064919594,-3.7276018790326,-2.98834327948912,-4.05617142372756,0.372195785819101,0.368962427070616,0.366223019442634,0.340772603410132,0.259790571461412,0.370015085149289,1.06703669996211,0.190589271363758,-0.015544235851054,-0.997890496872076,-0.961028966549347,-0.0038276711234335,0.19854890939644,0,0,0,-0.00173656641781428,-29403.8982102784
-2.53753238794743,-2.76356020338853,-2.38062740060848,-1.90523876415228,-2.95542764521018,-2.11966169441079,-1.90071763834781,-3.14989747301831,-2.11157553620716,-2.57340025416893,-2.40790065791891,-2.46063606285197,-2.60104683910559,-2.32802383966152,-4.42557452018649,-0.451426302065485,-4.69519354010921,-3.74381102615808,-3.72754125286181,-2.98835630679833,-4.05616713244164,0.371578272013023,0.359338750019696,0.353754623199724,0.340336643274816,0.258465133676063,0.370104023646223,1.06817531503348,0.1912997769078,-0.0185793267078296,-1.00009454770255,-0.961081438965522,-0.00395758906063532,0.209009474923197,0,0,0,-0.00177612644203949,-29252.6833949272
-2.53757356725872,-2.76358723118661,-2.38063578316731,-1.90533813012206,-2.95544280118876,-2.11911896114055,-1.90064055462135,-3.14992605283416,-2.111401871034,-2.573484241534,-2.40797152252429,-2.46092036138405,-2.60102661959958,-2.32806586488498,-4.42557452058091,-0.451445910878373,-4.69519272459624,-3.74381216330028,-3.72753449428057,-2.98835983760733,-4.05616715522077,0.370632593608612,0.358505385978775,0.352496260313539,0.340272865749923,0.258268721824778,0.370103285147139,1.06827649933071,0.191389523273716,-0.0185720140440679,-1.00031888380655,-0.961089845379546,-0.00397166462697339,0.209340323336758,0,0,0,-0.0017756132065909,-29240.3562279066
-2.53758430232985,-2.76359114016117,-2.38062463951154,-1.90537835256689,-2.95544226375326,-2.11898681516746,-1.90067074674619,-3.14993007282669,-2.11134693373984,-2.57350134878305,-2.40798354202172,-2.46097530881546,-2.60101651116413,-2.32807532865935,-4.42557452065202,-0.451449272740984,-4.69519234028288,-3.74381211984845,-3.72753356194204,-2.9883608580653,-4.05616695255224,0.370444816986665,0.358330309570293,0.352123807773036,0.340259795162653,0.258221404041628,0.370106363082064,1.0682917206693,0.191403171594142,-0.0185517269896085,-1.00036609347366,-0.961091295238254,-0.00397466009221025,0.209382508367226,0,0,0,-0.00177545560967686,-29237.3578404671
-2.53758445331269,-2.7635911543426,-2.3806245960926,-1.90537906892566,-2.95544230080273,-2.11898507832354,-1.90066989038224,-3.14993014421115,-2.11134697793994,-2.57350146288198,-2.40798369690675,-2.46097608586109,-2.60101642794712,-2.32807500130979,-4.42557452065306,-0.451449310200006,-4.69519233687085,-3.7438121223192,-3.72753352433391,-2.98836086830902,-4.0561669506453,0.370442294721157,0.358330064534017,0.352120483260926,0.34025966577343,0.25822097675702,0.370106375798032,1.06829225601947,0.191403457798131,-0.0185407229502613,-1.00036673144216,-0.961091311759916,-0.00397715462256618,0.209388483152241,0,0,0,-0.00255100319759311,-28803.7346083951
-2.53758650871936,-2.76359191095712,-2.38062172007084,-1.90538459119669,-2.95544259343025,-2.11894642031409,-1.90064917809843,-3.14993147808873,-2.11134001039192,-2.57350505671992,-2.40798757441338,-2.46099812863588,-2.6010140341207,-2.32806944983364,-4.42557452067695,-0.451450281649152,-4.6951922622482,-3.74381212510798,-3.72753236350971,-2.98836095783498,-4.05616692120266,0.370388350588761,0.358324965919344,0.352098907531319,0.340257402089336,0.258213295292128,0.370107152225189,1.06831225767374,0.191427328562357,-0.018104586348437,-1.00038219498184,-0.961091661707635,-0.00313607507174191,0.209627858450826,0,0,0,-0.00259482352345407,-28772.7918931757
-2.53758898877788,-2.76359264625992,-2.38061772489367,-1.90539562836909,-2.95544352400371,-2.11889616482377,-1.90062978173401,-3.14993347337405,-2.11133165177701,-2.57350950410512,-2.4079922064663,-2.46102555767402,-2.601010978503,-2.32806138899914,-4.42557452071026,-0.451451416793655,-4.69519216975487,-3.74381212661148,-3.72753109541292,-2.98836113014492,-4.0561668903533,0.370324097525905,0.358319264011767,0.352073597753584,0.340254768562153,0.258204732884067,0.370108054161927,1.06833255864846,0.191447272996066,-0.0176672525732011,-1.00039954297222,-0.961092014993299,-0.00318553241837635,0.209876912852092,0,0,0,-0.0025971819709698,-28762.3359848883
-2.53759090957403,-2.76359375589193,-2.38061523764227,-1.90540234597683,-2.95544355499747,-2.11886360776582,-1.90062142755672,-3.1499347584986,-2.11132267645728,-2.57351394733431,-2.40799684077819,-2.46105095645389,-2.60100854391349,-2.32805867601715,-4.42557452073402,-0.451452556424764,-4.69519209405085,-3.7438121571748,-3.72753066362729,-2.98836124911733,-4.05616686475969,0.370252111809278,0.358313178875321,0.35203554402157,0.340252342262488,0.258196243229773,0.370108836615681,1.0683408434678,0.19145190770638,-0.0176882923484891,-1.00041806647925,-0.961092441495213,-0.00318637007387158,0.209939605503091,0,0,0,-0.00259710186307595,-28761.7198781567
-2.53759325191014,-2.76359253932534,-2.38060061257473,-1.90542596176077,-2.9554392155691,-2.11882521357764,-1.90062922278078,-3.14993380208165,-2.11130952688467,-2.57351733657856,-2.40800085484302,-2.46109079829414,-2.60100007760948,-2.32804751046358,-4.42557452077595,-0.451453229711764,-4.69519184054461,-3.74381198077981,-3.72753102381049,-2.9883613000146,-4.05616666182587,0.370214339311434,0.358308251434695,0.351921834762107,0.34025032362547,0.258185077926548,0.370113153927582,1.06834529890904,0.191445315027453,-0.0176889959202352,-1.00044980079463,-0.961092702936133,-0.00318683888656213,0.209955245912682,0,0,0,-0.00259674562836786,-28761.2019183502
-2.53759482386874,-2.76359169862656,-2.38059536411412,-1.90543458871449,-2.95543725151071,-2.11880891561431,-1.90064329883776,-3.14993302882947,-2.11130013443747,-2.57351860988113,-2.40800241542606,-2.46109926409264,-2.60099619169221,-2.32804681852211,-4.42557452079315,-0.451453304175014,-4.69519171037043,-3.74381190658865,-3.72753119193953,-2.98836141376441,-4.05616655337239,0.370188367245176,0.358305730021014,0.351892345602774,0.3402491435376,0.258179161190951,0.370115067122119,1.06834589939229,0.191445358791738,-0.0176839572902427,-1.00045884809648,-0.96109273734853,-0.00318690293849574,0.209947580504223,0,0,0,-0.00259663786043494,-28761.0443841936
-2.53759720003066,-2.76358911144537,-2.38058628043046,-1.90545039608602,-2.95543346385609,-2.11878981990706,-1.90067605017036,-3.14993082245501,-2.11128248893428,-2.5735186039514,-2.4080035667022,-2.46110135803297,-2.60098911395757,-2.32804694242309,-4.42557452081688,-0.451452751831348,-4.69519145569033,-3.74381173592103,-3.7275314899026,-2.98836167435208,-4.05616631507115,0.37016791261114,0.358303057533744,0.351858773329249,0.340247681272958,0.258170957824416,0.370118579088098,1.06834557207608,0.191447209043701,-0.0176829735360467,-1.00046537530491,-0.961092530085557,-0.00318692270260596,0.209950922969633,0,0,0,-0.00259653856532035,-28760.8681685181
-2.53759860014546,-2.76358726861517,-2.38058167201218,-1.90546297153194,-2.95543150164609,-2.11878416489021,-1.90068876478672,-3.14992953220791,-2.11127282572857,-2.57351797373731,-2.40800396997986,-2.46109967179056,-2.60098482321007,-2.32804750226302,-4.42557452082926,-0.45145219025926,-4.69519128600344,-3.74381162668809,-3.72753164591493,-2.9883619150142,-4.05616615154332,0.370156181495873,0.358301540063171,0.35184127896626,0.340246829051682,0.258166641693665,0.370120496975382,1.06834548083091,0.191447983138313,-0.0176823110719489,-1.00046589644938,-0.961092333528438,-0.00318694850251341,0.209952309782261,0,0,0,-0.00259648308688432,-28760.7829831261
-2.53759869719738,-2.76358729021754,-2.38058156175768,-1.90546342250636,-2.95543153403681,-2.11878250701098,-1.90068810215949,-3.14992959908449,-2.11127262595709,-2.57351811209914,-2.40800412221021,-2.46110054095507,-2.60098472718269,-2.32804722548174,-4.42557452083034,-0.451452227367746,-4.69519128288993,-3.74381162732334,-3.72753160644171,-2.98836192183923,-4.05616615033248,0.370153975208732,0.35830134043107,0.351839854025643,0.340246733143931,0.258166328573367,0.370120522438229,1.06834609456939,0.19144851477898,-0.0176694145497845,-1.00046647868166,-0.961092346152097,-0.00319119036370183,0.20995968028093,0,0,0,-0.00277835212307602,-28732.487108573
-2.53759910404267,-2.7635874130783,-2.38058091151442,-1.90546500558491,-2.955431659623,-2.11877447907294,-1.90068464670562,-3.14992991082784,-2.11127122217845,-2.5735188529407,-2.40800488585264,-2.46110511099338,-2.60098422478207,-2.32804598725328,-4.42557452083564,-0.451452417453868,-4.69519126779782,-3.74381162757743,-3.72753139517085,-2.98836194742332,-4.05616614531439,0.370143467249753,0.358300406326776,0.351837225256116,0.340246311648813,0.258164930910853,0.370120676237776,1.06834956424472,0.191452110171807,-0.0175955530511469,-1.0004694104477,-0.961092406968478,-0.00315777198456199,0.210001707290285,0,0,0,-0.00278125874242068,-28730.4445054148
-2.5375994511273,-2.76358751399882,-2.38058033980284,-1.90546649706726,-2.95543178523306,-2.11876753548972,-1.90068190782753,-3.14993018989376,-2.11127002017557,-2.57351949267367,-2.40800553860486,-2.4611090568402,-2.60098379025318,-2.32804489731772,-4.42557452084035,-0.451452579232038,-4.69519125483621,-3.74381162781046,-3.72753122154759,-2.98836197151812,-4.05616614121385,0.370134472256248,0.35829962185865,0.351835023703359,0.340245954748372,0.25816375729408,0.370120806505607,1.06835236389746,0.191454827687594,-0.0175368925499211,-1.00047188289012,-0.961092457006505,-0.00316692262828204,0.210035704363655,0,0,0,-0.00278143134854072,-28729.0752134726
-2.53759952713142,-2.76358755743582,-2.38058023705933,-1.90546675663442,-2.95543178607958,-2.11876625802745,-1.90068155237896,-3.14993024134893,-2.11126965772456,-2.57351967148654,-2.40800572238384,-2.46111008890459,-2.60098369175248,-2.32804479447442,-4.42557452084165,-0.451452624922313,-4.69519125182054,-3.74381162897045,-3.72753120432224,-2.98836197625433,-4.05616614022218,0.370131654936829,0.358299386389401,0.351833952868647,0.340245862914659,0.258163434363055,0.370120837526691,1.06835269456772,0.191455011209092,-0.0175377525472006,-1.00047262722314,-0.961092473958436,-0.00316695448585217,0.21003816814019,0,0,0,-0.0027814267938359,-28729.0525518124
-2.53759991106852,-2.76358731989861,-2.38057755591782,-1.90547093445048,-2.95543100571482,-2.11875973149796,-1.90068248984961,-3.14993007438189,-2.1112673897437,-2.57352026097222,-2.40800640905141,-2.46111755581541,-2.60098215844264,-2.32804267351553,-4.42557452024941,-0.451452746456801,-4.69519120666106,-3.74381159658792,-3.72753126811506,-2.98836198104164,-4.05616610392044,0.370126315948515,0.358298583774418,0.351816326116961,0.340245523955302,0.258161593368739,0.370121278617368,1.06835353714111,0.191453715341464,-0.0175383217063136,-1.00047845100226,-0.961092521907115,-0.00316704191751647,0.210041414478762,0,0,0,-0.00278133669006767,-28728.9772274231
-2.5376001903549,-2.76358717119624,-2.38057650511652,-1.9054725555901,-2.95543062953151,-2.1187566841424,-1.90068470860065,-3.14992994431806,-2.11126570800952,-2.57352052825052,-2.40800672979232,-2.46111964908548,-2.60098139759664,-2.32804236230538,-4.42557451998978,-0.4514527751358,-4.69519118178359,-3.74381158257725,-3.72753130109275,-2.98836199837177,-4.0561660834299,0.370121711854206,0.358298075766433,0.351810762135415,0.340245279871916,0.258160477536857,0.370121270247482,1.06835372637983,0.191453579953716,-0.0175374167527483,-1.00048051352379,-0.961092535150976,-0.00316706045005585,0.210039964630995,0,0,0,-0.00278130384090468,-28728.9507056671
-2.5386989073409,-2.76296206637992,-2.37738591166033,-1.91064672445782,-2.95416257015507,-2.10826712002198,-1.91108587477032,-3.14939495532974,-2.10418709069376,-2.57430786832275,-2.40910653268281,-2.46548670039399,-2.59828668187269,-2.32803836694258,-4.425573811701,-0.451476260155633,-4.69509702044939,-3.74376473713422,-3.72760811004026,-2.98845551835397,-4.05608611074309,0.361606772157746,0.356316109293416,0.33815933309242,0.339253207969969,0.253977747004763,0.359564491180722,1.06906413139908,0.192372721556657,-0.0164322900024009,-1.00591048517219,-0.96110860310464,-0.00319076027341213,0.209069714292493,0,0,0,-0.00270623170865343,-28660.8153578246
-2.53898210625723,-2.76265230331275,-2.37665170491537,-1.91297167750772,-2.95374956319646,-2.10749705099887,-1.91311953888291,-3.14920325527604,-2.10212855175683,-2.57425893910293,-2.40927699083558,-2.46511613859592,-2.59746583930994,-2.32810700915979,-4.42557363123791,-0.451398670900625,-4.6950635346024,-3.74374782984874,-3.72763424279433,-2.98849732914195,-4.05605439319284,0.359572313193996,0.355814861140033,0.334861287845195,0.338966287207325,0.25300649783266,0.357615727915106,1.069209111329,0.192610546808434,-0.0163319958043046,-1.00620728030106,-0.961065213179903,-0.0032036600058538,0.209314940026274,0,0,0,-0.00268842242549868,-28647.2771170856
-2.53926112913653,-2.76232135652348,-2.37598725357479,-1.9148773331708,-2.95334468891152,-2.1067984941319,-1.91524789633073,-3.1490197765407,-2.10042607190841,-2.57415042875151,-2.4094097474754,-2.46471992632268,-2.5966506125799,-2.32815313686763,-4.42557346149917,-0.451300857798025,-4.69502856389114,-3.74373018040381,-3.72765888364528,-2.98854553371291,-4.05602099136251,0.357678243574814,0.355331458038132,0.331706812987927,0.338681987910632,0.25209606741006,0.355881396177964,1.06932212227262,0.192755035477034,-0.0162660931863785,-1.00626684529673,-0.961009737076708,-0.00321609376323788,0.209639683199482,0,0,0,-0.0026716216524467,-28634.8310819016
-2.53957486620369,-2.7619380341433,-2.37533527466247,-1.9169231011634,-2.95291039556285,-2.10601927669508,-1.9171832352531,-3.14882369199259,-2.09891920057527,-2.57398786866284,-2.40953895687664,-2.46438072276395,-2.59575339860824,-2.32822488781217,-4.42557328728441,-0.451174182544866,-4.69498786070627,-3.7437100734925,-3.72768352694689,-2.98860788890405,-4.05598217048777,0.355652304822615,0.35478411167766,0.32845315254743,0.338356903531194,0.251114502155431,0.353904512365948,1.06944056789787,0.19285403893581,-0.0161598049484161,-1.00611705149968,-0.960934476264432,-0.00322803060063897,0.209861563450135,0,0,0,-0.00265385250990659,-28622.1019732257
-2.53973713223473,-2.76169245535068,-2.37493216678506,-1.91812815858454,-2.95263013580428,-2.10547069147017,-1.91816047262075,-3.14866484636498,-2.09831858872116,-2.57385378007193,-2.40958945096399,-2.46445396654165,-2.59524226934552,-2.32819083749367,-4.42557320109132,-0.451082821213005,-4.69496147814565,-3.74369635146069,-3.72769808281591,-2.98865226736465,-4.05595758146096,0.354967168785967,0.354489402362753,0.327361934748461,0.338162488201482,0.250600829603336,0.35335121894192,1.0694435561609,0.192873453557158,-0.0161619476418196,-1.00591819624997,-0.96086234365926,-0.00322744386182105,0.21002463014362,0,0,0,-0.00264773890265946,-28616.8375415667
-2.53985202910939,-2.76118811724219,-2.37408776905543,-1.91938931304559,-2.95212156755342,-2.10585388753692,-1.91953863072685,-3.14825997711302,-2.09723675635951,-2.57360144725462,-2.4097508007402,-2.46554116078892,-2.59421644948878,-2.32757672401212,-4.42557304335492,-0.450887218082719,-4.69489579841763,-3.7436636957921,-3.7277167156164,-2.98878188124654,-4.0559005807927,0.353844273833584,0.353779584517724,0.326165079072549,0.337659208684315,0.24989582417389,0.352275579073617,1.06948204088456,0.19272334865233,-0.0161019844000165,-1.00574664513128,-0.960638373384208,-0.00323105389625614,0.210180640471337,0,0,0,-0.00264146641111361,-28609.900095279
-2.53978417797984,-2.76108232636371,-2.37388229433866,-1.91961585814653,-2.9519978707064,-2.1059548082692,-1.91978852823095,-3.1481344604321,-2.09719090671156,-2.57355517966962,-2.40976357065373,-2.4657161262595,-2.59399676117065,-2.32756676058641,-4.42557300936075,-0.450848370679077,-4.69488075829526,-3.74365570836274,-3.72772214430759,-2.98881020929813,-4.05588804542738,0.353655899407827,0.353655636361784,0.32595290413552,0.33755274542883,0.249880614993669,0.352100157221967,1.06948663701179,0.192919512396423,-0.0160965181910746,-1.00579049670342,-0.960579255683604,-0.00323320127259262,0.210206518270946,0,0,0,-0.00264043171044551,-28608.7807194892
-2.53978405397218,-2.76108215046734,-2.37388188655303,-1.91961628045959,-2.95199770501706,-2.10595499702646,-1.9197889399852,-3.14813430989817,-2.09719103607972,-2.57355510815426,-2.40976349350002,-2.46571625113391,-2.59399636825844,-2.3275667282886,-4.42557300929937,-0.450848310831584,-4.69488073137679,-3.74365569204418,-3.72772214939298,-2.98881026751526,-4.05588802349926,0.353655573197654,0.353655534249845,0.325952666881027,0.337552593664472,0.249880605323241,0.35209984762956,1.0694865995763,0.192919514463345,-0.0160965101002677,-1.00579081707605,-0.960579155439853,-0.00323320264889342,0.210206584911284,0,0,0,-0.0026404303285901,-28608.7791013799
-2.53978405479263,-2.76108214846561,-2.37388188435242,-1.91961628885537,-2.95199770070982,-2.10595498803424,-1.91978893987735,-3.14813430768514,-2.09719103470999,-2.57355510804882,-2.4097634870019,-2.46571626180204,-2.59399635967124,-2.32756672779591,-4.42557300938316,-0.450848310250477,-4.69488073085623,-3.7436556916302,-3.72772214934945,-2.98881026853039,-4.0558880231042,0.353655552176608,0.353655536939741,0.325952656970623,0.337552593422625,0.249880601036304,0.352099843959583,1.06948660573734,0.192919520404677,-0.0160964000480494,-1.00579082540652,-0.960579153651028,-0.00323318868924632,0.210206649189778,0,0,0,-0.00264094219419876,-28608.7366125539
-2.5397840549313,-2.76108214849367,-2.37388188413223,-1.91961628945826,-2.95199770074483,-2.10595498542035,-1.91978893868314,-3.14813430778756,-2.09719103423499,-2.5735551082806,-2.40976348725321,-2.46571626328074,-2.59399635948464,-2.32756672737314,-4.42557300938316,-0.450848310307864,-4.69488073085007,-3.74365569162975,-3.72772214927898,-2.98881026854116,-4.05588802310138,0.353655548641969,0.353655536620644,0.325952656099059,0.337552593275179,0.249880600566916,0.352099844031269,1.06948660689967,0.192919521586556,-0.0160963755063807,-1.0057908263298,-0.960579153667319,-0.00323317988249813,0.210206663333143,0,0,0,-0.0026409429168636,-28608.7359678183
-2.53978405507661,-2.76108214852165,-2.37388188389547,-1.9196162901394,-2.95199770078778,-2.10595498264702,-1.91978893750933,-3.14813430789938,-2.09719103373555,-2.57355510852599,-2.4097634875172,-2.4657162648456,-2.59399635928701,-2.3275667269186,-4.42557300938326,-0.450848310367968,-4.69488073084349,-3.74365569162927,-3.72772214920748,-2.98881026855328,-4.05588802309841,0.353655544927433,0.353655536289929,0.325952655199371,0.337552593121487,0.249880600080854,0.352099844106259,1.06948660806026,0.192919522700992,-0.0160963513781041,-1.0057908272889,-0.960579153683864,-0.00323318380119823,0.210206677487656,0,0,0,-0.00264094296162583,-28608.7354091217
-2.53978405533812,-2.7610821486009,-2.3738818835366,-1.91961629122813,-2.95199770081832,-2.10595497828204,-1.91978893581307,-3.14813430807388,-2.09719103274328,-2.57355510899857,-2.40976348803104,-2.46571626776437,-2.59399635894064,-2.32756672633455,-4.42557300938089,-0.450848310482567,-4.69488073083394,-3.74365569163156,-3.72772214911492,-2.98881026857322,-4.05588802309574,0.353655537168869,0.35365553560631,0.32595265224366,0.337552592826931,0.249880599113637,0.352099844242312,1.06948660963884,0.19291952399462,-0.0160963308346963,-1.00579082924199,-0.960579153721108,-0.00323318102435844,0.210206694294511,0,0,0,-0.00264104480458887,-28608.726944942
-2.53978405539347,-2.76108214861147,-2.37388188345367,-1.91961629147601,-2.95199770083263,-2.10595497726433,-1.91978893535319,-3.14813430811395,-2.09719103256921,-2.5735551090872,-2.4097634881282,-2.46571626833082,-2.59399635886902,-2.327566726168,-4.42557300938089,-0.450848310504681,-4.69488073083155,-3.74365569163145,-3.72772214908791,-2.98881026857758,-4.05588802309463,0.353655535789539,0.353655535481479,0.325952651794836,0.337552592768695,0.249880598928425,0.352099844269469,1.06948661008041,0.19291952443304,-0.0160963215234101,-1.00579082959847,-0.960579153727456,-0.00323317869604903,0.210206699661931,0,0,0,-0.00264106529833612,-28608.7251328058
-2.53978405540453,-2.76108214861358,-2.37388188343709,-1.91961629152565,-2.9519977008355,-2.10595497706087,-1.91978893526144,-3.14813430812197,-2.09719103253442,-2.57355510910492,-2.40976348814762,-2.46571626844406,-2.5939963588547,-2.3275667261347,-4.42557300938089,-0.450848310509102,-4.69488073083107,-3.74365569163143,-3.72772214908252,-2.98881026857845,-4.0558880230944,0.353655535513918,0.353655535456473,0.325952651705175,0.337552592757057,0.249880598891423,0.352099844274896,1.06948661016855,0.192919524520411,-0.016096319665756,-1.00579082966969,-0.960579153728723,-0.00323317825704148,0.210206700733273,0,0,0,-0.00264106939184172,-28608.7247709815
-2.53978405540453,-2.76108214861358,-2.37388188343709,-1.91961629152565,-2.9519977008355,-2.10595497706087,-1.91978893526144,-3.14813430812197,-2.09719103253442,-2.57355510910492,-2.40976348814762,-2.46571626844406,-2.5939963588547,-2.3275667261347,-4.42557300938089,-0.450848310509102,-4.69488073083107,-3.74365569163143,-3.72772214908252,-2.98881026857845,-4.0558880230944,0.353655535513918,0.353655535456473,0.325952651705175,0.337552592757057,0.249880598891423,0.352099844274896,1.06948661016855,0.192919524520411,-0.016096319665756,-1.00579082966969,-0.960579153728723,-0.00323317825704148,0.210206700733273,0,0,0,-0.00264106939184172,-28608.7247709815
-2.53978405540453,-2.76108214861358,-2.37388188343709,-1.91961629152565,-2.9519977008355,-2.10595497706087,-1.91978893526144,-3.14813430812197,-2.09719103253442,-2.57355510910492,-2.40976348814762,-2.46571626844406,-2.5939963588547,-2.3275667261347,-4.42557300938089,-0.450848310509102,-4.69488073083107,-3.74365569163143,-3.72772214908252,-2.98881026857845,-4.0558880230944,0.353655535513918,0.353655535456473,0.325952651705175,0.337552592757057,0.249880598891423,0.352099844274896,1.06948661016855,0.192919524520411,-0.016096319665756,-1.00579082966969,-0.960579153728723,-0.00323317825704148,0.210206700733273,0,0,0,-0.00264106939184172,-28608.7247709815
