"B_mean_avail","B_wind_max_220_mh","B_dist_to_cog","B_dist_port_to_catch_area_zero","B_dummy_prev_days","B_dummy_prev_year_days","B_unem_rate","B_d_d","B_d_pd","B_d_pcd","B_mean_price_part","B_mean_price_crab","B_mean_price_slmn","w_cmck","w_psdn","c_psdn","c_wa","w_nanc","w_dcrb","c_dcrb","w_slmn","asc_cba_psdn","asc_clo_psdn","asc_clw_psdn","asc_cwa_psdn","asc_clo_nanc","asc_clw_nanc","asc_cwa_nanc","asc_clo_cmck","asc_cwa_dcrb","asc_nps_sock","asc_no_participation","w_nopart","B_mean_price_no_part","c_no_participation","lambda_part","lambda_nanc","lambda_psdn","logLike"
2.3,-0.05,-0.005,-0.002,2,0.3,0.35,-0.3,-0.5,-0.5,0.15,0.15,3,-0.1,-3,-3,-3,-0.5,-0.4,-3,-0.7,-5,-5,-5,-5,-5,-5,-5,-5,-5,-5,0,0,0,0,0.5,0.5,0.5,-3481.97104135205
2.3,-0.05,-0.005,-0.002,2,0.3,0.35,-0.3,-0.5,-0.5,0.15,0.15,3,-0.1,-3,-3,-3,-0.5,-0.4,-3,-0.7,-5,-5,-5,-5,-5,-5,-5,-5,-5,-5,0,0,0,0,0.5,0.5,0.5,-3481.97104135205
2.3,-0.05,-0.005,-0.002,2,0.3,0.35,-0.3,-0.5,-0.5,0.15,0.15,3,-0.1,-3,-3,-3,-0.5,-0.4,-3,-0.7,-5,-5,-5,-5,-5,-5,-5,-5,-5,-5,0,0,0,0,0.5,0.5,0.5,-3481.97104135205
2.3,-0.05,-0.005,-0.002,2,0.3,0.35,-0.3,-0.5,-0.5,0.15,0.15,3,-0.1,-3,-3,-3,-0.5,-0.4,-3,-0.7,-5,-5,-5,-5,-5,-5,-5,-5,-5,-5,0,0,0,0,0.5,0.5,0.5,-3481.97104135205
2.29999555513072,-0.0501286108440254,-0.0143991609050892,-0.00169170358190313,2.00003677159701,0.300035557833593,0.349916480567725,-0.299986299261358,-0.500003631636826,-0.50001392738414,0.150012423694367,0.149872145496588,2.9999240689374,-0.100005093556503,-2.99997621954,-3.00000004692753,-3.00000000021989,-0.500003493481735,-0.400004571540421,-2.99999970467109,-0.700010731164319,-4.99999767863923,-4.99998510829583,-4.99998799940795,-4.99999138184614,-5.0000114436999,-5.00000440287967,-4.99997356990045,-5.00000574633661,-5.00001683392972,-5.00004140890637,0,0,0,0,0.500053460550727,0.499994466129225,0.5000023973573,-2967.21277747472
2.30011787374238,-0.0430722448658899,-0.0150691513168019,0.0112883776360727,2.00118624133991,0.300977476251529,0.353333972844312,-0.299499867227404,-0.500053108119855,-0.499990795374884,0.15032416987409,0.147369543598867,2.99947885181924,-0.100118532420443,-2.99938904566814,-3.00000104376401,-3.00000000702865,-0.500082080947443,-0.400085114682941,-2.99999092746182,-0.700058112016808,-4.99992830747609,-4.99962011311657,-4.99971000820954,-4.99975669148315,-5.00031377591177,-5.00013116156121,-4.99925972063593,-5.00013253892047,-5.00033104277631,-5.00027609795175,0,0,0,0,0.501488331578862,0.500352090056465,0.500426951163646,-2902.04340081331
2.3002137281877,-0.02279233586566,-0.0159820709622534,0.00496024315093535,2.00625590488697,0.305114738901947,0.362341637804402,-0.296407446480229,-0.500334475492762,-0.499757772942488,0.151828922645384,0.132593324886585,2.9971800357312,-0.100683533563837,-2.99632047930463,-3.00001597778342,-3.00000004915209,-0.500511698175378,-0.400570277459401,-2.99994304963791,-0.700313787633809,-4.99953650043688,-4.99935791548438,-4.99803159008525,-4.998370796767,-5.00199394267891,-5.00078555527539,-4.99537423872851,-5.00068256301537,-5.00218932955224,-5.00148131379643,0,0,0,0,0.507973581777379,0.503139300041252,0.502468626151059,-2860.70023853295
2.28668425786734,-0.0203388250706633,-0.0153269257792537,-0.00836092198115284,2.16107632855071,0.43510669356863,0.426552167634679,-0.23094829032118,-0.512363697411975,-0.49031136896381,0.189119954276107,-0.515324985536369,2.91442514781872,-0.124244548571883,-2.8754780189661,-3.00062120898805,-3.00000219573054,-0.526412239423464,-0.422043481810737,-2.99824453380344,-0.709026704633781,-4.98418238402404,-4.9843926661799,-4.93843502875039,-4.94964324839583,-5.07493967417424,-5.03105467606899,-4.86663828753558,-5.02514103259734,-5.08395652389334,-5.04477200850407,0,0,0,0,0.755757524463109,0.605424406724751,0.59056611012885,-2672.18147426336
2.254857433894,0.0102487036414377,-0.0113989456763093,-0.00492660773813153,2.41826401346363,0.639453399523959,0.223985974319733,-0.151246799119106,-0.51146484678662,-0.454785325470745,0.14618952296611,-0.391007130262346,2.66578413788924,-0.181581407204469,-2.59703544895596,-3.00431849662979,-3.00006882227138,-0.614580939536709,-0.416121138598233,-2.98811568828174,-0.737014210261948,-4.94116726370738,-4.94885384544606,-4.81080471396806,-4.86271176243708,-5.26312330856497,-5.1281674978116,-4.69547804394812,-5.11843978583865,-5.06439658312453,-5.17428388339862,0,0,0,0,0.99227402914886,0.720683346608517,0.787586760386895,-2480.31846279433
2.25451449719747,0.00826019353432632,-0.0113792567218744,-0.00505895206399843,2.42208568822778,0.642029699221841,0.227356957691748,-0.149587938738206,-0.511440166362036,-0.454028671065184,0.145705099541754,-0.388515935662027,2.66207321763432,-0.182201740405616,-2.59274450982486,-3.00441070489134,-3.00007181203704,-0.615526538082565,-0.416007364331929,-2.98793183310085,-0.737400577777955,-4.94050778412591,-4.94830160606204,-4.8087457753385,-4.86141025560713,-5.2651264017716,-5.12939831062364,-4.69374443398389,-5.11961177143258,-5.06401802707154,-5.1762082521037,0,0,0,0,0.994034700940208,0.722264056024791,0.789598761720519,-2476.90930239494
2.20837105202803,0.00948255450489253,-0.0106054973149301,-0.00432744551929199,2.47965406586862,0.624405765802804,0.235560884184988,-0.16802273249182,-0.511669880802559,-0.385501772566626,0.0835817653946406,-0.410004515237752,2.52132979365867,-0.193160489191102,-2.37404330023115,-3.01308778240702,-3.00045212013905,-0.640798586371984,-0.415094766467291,-2.97584342609262,-0.750532848338373,-4.90833575645504,-4.92397481690576,-4.7144293743352,-4.81785503382728,-5.27687010567632,-5.16720250283103,-4.75668730468655,-5.16533858655926,-5.06357038392118,-5.24760473617682,0,0,0,0,0.849956237754038,0.793182379774763,0.779802130878797,-2416.78063343634
2.16647320683193,0.0111984818831213,-0.00997454710412806,-0.00549711559517907,2.47622646534331,0.594402680580404,0.246997146619341,-0.183196554081177,-0.511871201107261,-0.331909449232776,0.0636815766227109,-0.423802688710768,2.42056809230874,-0.205976977026675,-2.16949175270623,-3.01776644222185,-3.00059143768847,-0.673886735337661,-0.414167930947175,-2.96577100060538,-0.758850302120414,-4.8811692567946,-4.89856584524705,-4.65450922216171,-4.79147406248731,-5.3023218813232,-5.19486490305925,-4.80533160560613,-5.17734856983723,-5.06282360621281,-5.29945534334453,0,0,0,0,0.789117020838173,0.771748073597353,0.756865188682697,-2374.69269588083
2.16424564638131,0.0112597064236574,-0.00992510468046392,-0.00547023369758635,2.4750010418287,0.593755399185386,0.247290821686826,-0.183306066648082,-0.511925414947879,-0.329023568586859,0.0647553620678003,-0.424608444355336,2.41424162490945,-0.20716056927676,-2.15694045946728,-3.01801508041245,-3.00059440601391,-0.674675436467039,-0.414107027797881,-2.9651274112025,-0.759308491197228,-4.87926341893564,-4.89712017643812,-4.65276595137978,-4.79112819380688,-5.3040496765571,-5.19613028355388,-4.80495768777337,-5.17782566544214,-5.06277150779614,-5.30282002799353,0,0,0,0,0.783638337393475,0.771338208045067,0.754403350980945,-2372.26015434607
2.1630122309534,0.0112923627193419,-0.00989744444489253,-0.00544319062352874,2.4723611272721,0.592056124106418,0.247716869521995,-0.18335617637486,-0.512013619563718,-0.327459722291918,0.0652649843126657,-0.424781475835154,2.40940785850101,-0.208213796856294,-2.14888635561228,-3.01814621845259,-3.00058931958534,-0.674753552629376,-0.414041961561169,-2.96465913894587,-0.759594583751686,-4.87745773649094,-4.8967145207112,-4.65194462264912,-4.79152870539555,-5.3037488901015,-5.19684846261487,-4.80499834627334,-5.17779813611835,-5.06266981095977,-5.30551994973976,0,0,0,0,0.78198638181775,0.773369355126047,0.753441330596612,-2370.76441358655
2.16111709478951,0.0114814949766332,-0.00954832568155853,-0.00515501494029782,2.46425357343134,0.591793665228864,0.248830301334055,-0.186469015976497,-0.514684223936758,-0.324315838986244,0.0484522797087744,-0.428010055840894,2.37010630688239,-0.222725304641316,-2.09593332832526,-3.01831791395258,-3.0003864481733,-0.668693333516674,-0.413320928333731,-2.95975278630001,-0.758425833507688,-4.84865230339105,-4.91236180887452,-4.64886122741503,-4.79946012551052,-5.27817620226573,-5.2113703054492,-4.79825989172206,-5.17306628995384,-5.06164015879436,-5.33127406132063,0,0,0,0,0.771116245420104,0.765222699628218,0.738477695484376,-2360.8580115594
2.16120531920547,0.0115388142332051,-0.0094695232831164,-0.00497536324079668,2.46131843396495,0.592452181688284,0.248900391504093,-0.185414483236123,-0.515673823600496,-0.324597676724509,0.0474975502037434,-0.4289066859704,2.36175705699682,-0.22603436537752,-2.0889810245499,-3.01801434638174,-3.00030732996813,-0.670195079534837,-0.413111182839102,-2.95849683289036,-0.75754350607515,-4.83933592110529,-4.91806847099597,-4.64552004204253,-4.80008212153213,-5.27766673290288,-5.2102255286205,-4.79900850649262,-5.17183628221446,-5.06133177662707,-5.33767531032397,0,0,0,0,0.767986910552517,0.763755813356657,0.735329406564837,-2359.02929285691
2.16063297844651,0.01160582088829,-0.00933113891239939,-0.00461686569825901,2.45617286141711,0.59194177760601,0.249235031018258,-0.18401800932159,-0.517699788775229,-0.323644635503614,0.0444989600835487,-0.430317521829091,2.34716431606738,-0.232607651500103,-2.0760066243374,-3.01732718091378,-3.00014389855904,-0.672939851011096,-0.41265578119325,-2.95599784776082,-0.755927879973708,-4.8200679827714,-4.92916401817331,-4.63849210057662,-4.80088463194554,-5.27848612372091,-5.20949823144359,-4.79875004567918,-5.17053829314362,-5.0606020580222,-5.34960910563945,0,0,0,0,0.76334403996579,0.762208527675509,0.725083753773237,-2355.49388534336
2.16051820052162,0.0116162800780033,-0.00931631669623795,-0.00457664920183956,2.45552548931718,0.591763883195789,0.249299784305763,-0.183898167671131,-0.51793779707807,-0.323406227922263,0.0442052673533719,-0.430497932114011,2.34552047244091,-0.233338808626341,-2.07458537517498,-3.01723870321735,-3.00012448745907,-0.673139112472177,-0.412602633395531,-2.95570867916939,-0.755779125778815,-4.81771609053953,-4.93047353896952,-4.63766404680248,-4.80093712027443,-5.27861583910895,-5.20954566260006,-4.79862214304335,-5.17047811675578,-5.06051477808895,-5.3509894229676,0,0,0,0,0.762743287421768,0.76193684130073,0.724164050730432,-2355.08839339869
2.16043124990085,0.0116227606091628,-0.00930610874111772,-0.00454948158281441,2.45508202039427,0.591709212953388,0.249340278541532,-0.183845125951369,-0.518103820091367,-0.323198300061909,0.0440606227117922,-0.430614559714973,2.34440100354863,-0.233826649724239,-2.07359693721285,-3.01717506639292,-3.00011093629849,-0.673272275535949,-0.412565394828043,-2.95550854564531,-0.755691046509819,-4.81604553514817,-4.93138317556934,-4.63714992758785,-4.80091229634394,-5.27866706538741,-5.20958436432166,-4.79858997387086,-5.17045786213945,-5.06045117359515,-5.35194480630534,0,0,0,0,0.76235020589732,0.761765427267264,0.723506965784787,-2354.8084362655
2.1603602100385,0.0116280931928808,-0.00929767313365423,-0.00452697161450221,2.45472554139745,0.591658525009394,0.249372776189357,-0.183800163357364,-0.518241532367339,-0.323025087232803,0.0439453243809977,-0.430710734167446,2.34347836085938,-0.234219797674911,-2.07277707535959,-3.01712239840519,-3.00009971825074,-0.673390477001201,-0.41253469996818,-2.95534298970174,-0.755620197388472,-4.81465321631156,-4.93213575539011,-4.6367249940754,-4.80090831657309,-5.27870704124836,-5.20961557213507,-4.79856414931322,-5.17043555031669,-5.06039812643515,-5.35273623648871,0,0,0,0,0.762025126622893,0.761624658325025,0.722964356190943,-2354.57682752894
2.1603078934052,0.0116330178866764,-0.00929042188277644,-0.00450751105421829,2.45436084016786,0.591651585766898,0.249407066011336,-0.183739857133515,-0.518363078734565,-0.322882131551457,0.0437762177620624,-0.430800581764136,2.34267924443174,-0.234549971143444,-2.0720440142633,-3.01707705893494,-3.00008974118498,-0.673479131872588,-0.412508226677504,-2.9551961885914,-0.755556280389078,-4.81339367662138,-4.93278321572411,-4.63636453840667,-4.80090059800455,-5.27877652630348,-5.20964127345109,-4.79854373209815,-5.17041676049332,-5.06035069075171,-5.35343745013889,0,0,0,0,0.761731599394673,0.761504874133262,0.722491301324336,-2354.37199359352
2.1602979148282,0.0116356572045083,-0.00928608960231705,-0.00449613625326764,2.45418086249046,0.591613851107581,0.249419797362935,-0.183694661947558,-0.518432125890771,-0.32282108214775,0.0437152523676784,-0.430850071042187,2.34222147603057,-0.23476470154511,-2.07162470209932,-3.01705088898373,-3.00008394136534,-0.673505870449767,-0.412493300984821,-2.95511224818962,-0.755512386473118,-4.81267701523252,-4.93314613156189,-4.63614846928974,-4.80088649978793,-5.27880048194709,-5.20964613926597,-4.79854032404749,-5.17043957633336,-5.06032361917253,-5.35383994884427,0,0,0,0,0.761571320104795,0.761426375382931,0.722212590124247,-2354.25561574819
2.16027870102103,0.0116377160274942,-0.00928295243204768,-0.00448831034817737,2.45404496115512,0.59158855923964,0.249433237002583,-0.183680499959214,-0.518480505638813,-0.322765801238113,0.0436785314972219,-0.430886990912322,2.34187500032464,-0.234920104738628,-2.07134349313748,-3.01703268721609,-3.00007968155012,-0.673576843616502,-0.412482010870891,-2.9550511510657,-0.755476225042299,-4.81217148520939,-4.93340569569595,-4.63600050897279,-4.80087136228901,-5.27880897469181,-5.20967830588054,-4.79852372871309,-5.17043718719243,-5.06030409159667,-5.35413437093068,0,0,0,0,0.761448429207657,0.761373880264877,0.72201352786935,-2354.17174093125
2.16024751430675,0.0116393632270842,-0.00928033823894642,-0.00448198375997326,2.45393307284494,0.59158694667999,0.249446443245273,-0.183696635112331,-0.518522557135565,-0.322695368243329,0.0436502258003714,-0.430915947837064,2.34158032165948,-0.235056735122462,-2.07109393511965,-3.0170174880461,-3.00007587560487,-0.673603197900555,-0.412471569883491,-2.95499747672726,-0.755450152176954,-4.8117404288153,-4.93363948094625,-4.63585107813152,-4.80088759458301,-5.2788260109456,-5.20968898099747,-4.79851812390395,-5.17041499118008,-5.06028628142016,-5.35438356736502,0,0,0,0,0.761349476070801,0.761331659150022,0.721843672334455,-2354.09889772112
2.16024451072667,0.0116395443971182,-0.00928006844248536,-0.0044811904199435,2.45392341336009,0.591583171730971,0.249447775547491,-0.183697025772821,-0.51852767491771,-0.322689154736633,0.0436454151968052,-0.430919068272553,2.34154995137909,-0.235069743265096,-2.07106403236683,-3.01701583993696,-3.00007544159598,-0.673606104595216,-0.412470430850501,-2.95499151970195,-0.755449202254083,-4.81169331050735,-4.93366788797571,-4.63584000012144,-4.80088528784283,-5.27882932967324,-5.2096877088317,-4.7985167710463,-5.17040990176907,-5.06028434225665,-5.35441032710049,0,0,0,0,0.761338135571488,0.76132761644752,0.721826489425413,-2354.09096657576
2.16024393236352,0.0116396480022093,-0.00927986653347226,-0.00448048561894729,2.45391270402212,0.591582174132128,0.249448726825559,-0.183695247050241,-0.518532309098718,-0.32268411739929,0.0436418948100345,-0.430921576302148,2.34152828276112,-0.235080554866655,-2.07103738518317,-3.01701438483185,-3.00007504593559,-0.673611329285433,-0.412469456847653,-2.95498645156564,-0.755448920793688,-4.81165403737868,-4.93369144982609,-4.63582706787233,-4.80088473476287,-5.27882936160241,-5.20968773648642,-4.79851496106347,-5.17040994602559,-5.0602826983073,-5.35443124210086,0,0,0,0,0.761328362360457,0.76132446264398,0.721812406165419,-2354.08435458055
2.16024352300855,0.0116396864679384,-0.00927980215702151,-0.00448030985412971,2.45390996515006,0.59158185675269,0.249448826707412,-0.183694171537278,-0.518533490463099,-0.322682808285399,0.0436410501387015,-0.430922275733932,2.34152167435309,-0.235082593759003,-2.07103145051249,-3.0170140249916,-3.00007494567664,-0.673611999058135,-0.412469214750242,-2.95498514318268,-0.755448956348654,-4.81164410352598,-4.93369650146582,-4.63582380260153,-4.80088462149474,-5.27882943146047,-5.20968808505289,-4.79851480484135,-5.17040983954359,-5.06028228548292,-5.35443711007982,0,0,0,0,0.761326042234397,0.761323337307378,0.721808356137842,-2354.08267707776
2.16024273287175,0.0116397310574193,-0.00927972907486566,-0.00448014365176765,2.45390686048254,0.591581383895587,0.249449163440227,-0.183693749615035,-0.518534768696488,-0.322681056992475,0.0436396669551458,-0.430923144117551,2.34151356745566,-0.235085997083972,-2.07102445517017,-3.01701358791199,-3.00007481868308,-0.673613132608876,-0.412468957001953,-2.95498355976226,-0.755447678222392,-4.81163192215918,-4.93370214416987,-4.63582067653545,-4.80088484034163,-5.27882970619825,-5.20968772567693,-4.79851451117819,-5.17041035310417,-5.06028178450545,-5.35444410457355,0,0,0,0,0.76132329577572,0.761321925490894,0.721803792663746,-2354.0806695358
2.16024266356783,0.0116397384361479,-0.00927971897494543,-0.00448011782009554,2.45390640821981,0.591581330362669,0.249449211327018,-0.183693737901972,-0.518534939904426,-0.322680954624724,0.0436395534569314,-0.430923263786633,2.34151245011015,-0.23508655966973,-2.07102340225782,-3.01701351290038,-3.00007479324575,-0.673613233182387,-0.412468928544815,-2.95498332578542,-0.755447416618103,-4.81163011788068,-4.933703019448,-4.63582013119014,-4.80088480390981,-5.27882981138824,-5.20968788949575,-4.79851451982311,-5.17041024105207,-5.06028171308837,-5.3544450975096,0,0,0,0,0.761322864172868,0.761321783934862,0.721803129382773,-2354.08037665799
2.16024255086285,0.0116397465558049,-0.00927970657677279,-0.0044800882865616,2.45390586014783,0.59158126660233,0.249449282241372,-0.183693781950607,-0.518535085534726,-0.322680839679772,0.0436393914531348,-0.430923417456294,2.34151112026844,-0.235087289905426,-2.07102222404209,-3.01701341555059,-3.00007477849299,-0.673613399633398,-0.412468878746218,-2.95498305213881,-0.755447457573407,-4.81162808504017,-4.93370410141854,-4.63581950052939,-4.80088478302902,-5.27882992315273,-5.20968799054025,-4.79851449105128,-5.17041017813371,-5.06028158001793,-5.35444632531055,0,0,0,0,0.761322368055368,0.761321587103783,0.721802335766707,-2354.08003675379
2.16024251603391,0.0116397516796664,-0.00927969832715156,-0.00448006640047524,2.45390549632277,0.591581217001538,0.249449316366526,-0.183693755879926,-0.518535204369087,-0.322680666384067,0.0436392769960878,-0.430923516383479,2.34151023931668,-0.235087751662103,-2.07102143106793,-3.01701336609461,-3.00007478351785,-0.673613509028268,-0.412468832925161,-2.95498286937114,-0.755447422176771,-4.81162674536464,-4.93370483569499,-4.63581906690646,-4.80088475071315,-5.2788299705581,-5.2096880301418,-4.79851445696834,-5.17041010786537,-5.0602815045036,-5.35444715180758,0,0,0,0,0.761322040400524,0.761321451227926,0.721801805041286,-2354.07980948214
2.16024245296248,0.0116397583943111,-0.00927968809526593,-0.00448004816724953,2.45390504121445,0.591581166843525,0.24944938072945,-0.183693897142839,-0.518535291002944,-0.32268069535884,0.0436391518233283,-0.430923644628999,2.34150914864734,-0.235088014000327,-2.07102034727753,-3.01701332388658,-3.00007487719509,-0.673613644875696,-0.412468931124524,-2.95498261999789,-0.755447308405182,-4.8116249830237,-4.93370555663015,-4.63581853008597,-4.80088472558556,-5.27883002098339,-5.20968804011927,-4.79851436993152,-5.1704101490653,-5.06028128735742,-5.3544481652788,0,0,0,0,0.761321639498543,0.761321278820608,0.721801161254403,-2354.07952146249
2.16024226653825,0.0116397626932597,-0.00927968161395702,-0.00448003195648442,2.45390476434018,0.591581137776251,0.249449407333635,-0.183693816806777,-0.518535348375884,-0.322680650389448,0.0436390589505945,-0.430923732041757,2.34150848264577,-0.235088348227164,-2.07101966196054,-3.01701327251514,-3.00007496243647,-0.673613736466353,-0.412469003474331,-2.95498245451148,-0.755447249083777,-4.81162383334264,-4.93370604174755,-4.63581821253903,-4.80088473786971,-5.27883003491442,-5.20968808149449,-4.79851437018516,-5.1704101304161,-5.06028111645022,-5.35444879884649,0,0,0,0,0.761321367040336,0.7613211742641,0.72180075239977,-2354.07933429533
2.16023618658704,0.0113588430012929,-0.012060507607562,-0.00437121535309951,2.45389921292539,0.591577511343655,0.24935656108366,-0.183704223586042,-0.518535400267641,-0.322682627936101,0.0436331969554581,-0.430905274422983,2.34148329280674,-0.235089884667408,-2.07100830378498,-3.01701354834131,-3.00007496953631,-0.673617415376228,-0.412468420796041,-2.9549818455684,-0.755450451551608,-4.81162210053541,-4.93370076216644,-4.63581559505786,-4.80088449512812,-5.27883455186146,-5.20969130633646,-4.79852005587581,-5.17041313396694,-5.06027882111423,-5.35446244868956,0,0,0,0,0.761313764409061,0.761311341916604,0.72179950148558,-2298.10044776735
2.16001977622714,-0.00685183944245418,-0.0121019037160448,0.022477511347758,2.45415824990752,0.59136065215657,0.247148645357663,-0.184500453816243,-0.518528747598737,-0.322710373286876,0.0431400856535128,-0.428451808350014,2.34039372587706,-0.235266859205014,-2.06955863113164,-3.01704461344601,-3.00007589516864,-0.673974079221808,-0.412390760850878,-2.95490492092877,-0.755536799430664,-4.81138590456858,-4.93300831226851,-4.63552849103144,-4.80075054724003,-5.2794215865444,-5.21005169055283,-4.79891173636794,-5.1707610697513,-5.05997202513602,-5.35504668272674,0,0,0,0,0.760684777203029,0.76055180090611,0.722160419048062,-2295.86857866571
2.15973631538153,-0.0272681113717209,-0.0109313259238581,0.0206053219008282,2.45454366253945,0.591122153797506,0.243932687898206,-0.184579902838705,-0.518518485961598,-0.322728443042273,0.0427209188565107,-0.425175414227196,2.33897114531223,-0.235463590209282,-2.06777406751694,-3.01709390887379,-3.00007698338201,-0.674301908601497,-0.412287098257118,-2.95480386249427,-0.755659718076298,-4.81107955588042,-4.93292083940845,-4.63500174923256,-4.80045703316709,-5.28015705855302,-5.21044824756663,-4.79898613347603,-5.17112525790215,-5.05956171947473,-5.35580802794973,0,0,0,0,0.759987857856572,0.759820383083561,0.72241131643987,-2289.94717903459
2.16202243170056,-0.0606649629516565,-0.0111746518333289,0.0174060502542487,2.4845006251335,0.60424557731346,0.321677534175826,-0.16155607525093,-0.51829095635037,-0.323196913748727,0.0455861865479392,-0.355691155557816,2.30584749463042,-0.239106304642931,-2.02984288201003,-3.0179686673535,-3.00009657456845,-0.67643580823949,-0.410089223443228,-2.95270497387209,-0.758778462520285,-4.8048090174448,-4.92980369859842,-4.62114506381303,-4.79149733770919,-5.29298406289838,-5.21700971747101,-4.78606212558046,-5.17765159046079,-5.05084382590684,-5.37354510721004,0,0,0,0,0.750201435027801,0.748969425214931,0.72734864378819,-2251.4380025023
2.16138265872085,-0.0601662627884928,-0.0110554740878124,0.0175079902626155,2.48991702158394,0.605322267272205,0.318441285775507,-0.158734924027797,-0.518231617393187,-0.323265610438732,0.0446381961299933,-0.334502270291961,2.29547199310395,-0.240561594199254,-2.01768352736416,-3.01825757320899,-3.00010312485293,-0.677940370953524,-0.409425490350991,-2.9520063121018,-0.75985129082413,-4.80269680682393,-4.92894772256273,-4.61747507497541,-4.78930395746486,-5.29738528016188,-5.21939696319119,-4.78370155210091,-5.18019790027756,-5.04820599270609,-5.37910130592183,0,0,0,0,0.745499210715235,0.74540219648805,0.728601152549662,-2243.90834739956
2.03785807108151,-0.056651554944956,-0.00394403583578672,0.0180594016705655,2.44780882379235,0.301023154864082,0.294356679316045,-0.0066262171824201,-0.534829305786489,-0.305182648321716,0.101407151377657,-0.460278407437938,1.48195281400534,-0.32132884928708,-1.00313898239917,-3.04202816839805,-3.00031907112523,-0.728155203817071,-0.417203516356354,-2.8894994799771,-0.835231747445824,-4.61215417905218,-4.85693024524784,-4.36366329610826,-4.66056999298658,-5.45258131742632,-5.31205126524816,-4.73547744381178,-5.26385548556469,-5.08421869001545,-5.81769926163467,0,0,0,0,0.730645980861977,0.715853334728853,0.666976023700818,-2110.75143530397
2.03679983173268,-0.0566962431819824,-0.00389449252485942,0.0180139045349796,2.44750265227204,0.299721040194666,0.294815415220641,-0.00709715438253408,-0.535084028977269,-0.304620843747803,0.101051858019102,-0.461992154773162,1.47712687252211,-0.321969674711453,-0.994538769917478,-3.04235118796204,-3.00032214984808,-0.727309198154694,-0.417307348595305,-2.88868918615714,-0.835195890214988,-4.61054811882631,-4.85672211755402,-4.36322155698697,-4.65978569021567,-5.45254222744511,-5.3128197214426,-4.73452520101107,-5.26468889084304,-5.08469650261913,-5.8204700321205,0,0,0,0,0.724007865972281,0.714029139371387,0.660805114495519,-2109.30778450717
2.01829348899456,-0.0554746491728354,-0.00383096528450579,0.01594008848869,2.34014824515551,0.243751763127523,0.325882940869111,-0.04941213718177,-0.540637896637921,-0.290377687256389,0.0803452346248155,-0.423714777033417,1.43913126562294,-0.323266431300845,-0.887405782631192,-3.04692335527139,-3.00025784360318,-0.702571714667481,-0.417036395994253,-2.87115188224176,-0.821767227958375,-4.58996835749188,-4.85251284162914,-4.38495779639635,-4.66413726465821,-5.42498521773459,-5.31946022027043,-4.75145269151983,-5.25366585547229,-5.08486982712279,-5.84852878175993,0,0,0,0,0.688217414777265,0.686903838574936,0.588673155046437,-2095.76271037684
2.00806696416062,-0.0551867253037531,-0.0035619392004382,0.0144965091365136,2.23567860934461,0.259826388542824,0.341264768430124,-0.0777596781491533,-0.549543471723768,-0.281667298673532,0.0914385394132905,-0.414826150166787,1.40842225913859,-0.323836497619029,-0.817349592329895,-3.04899026800822,-3.00001269833053,-0.670788157409694,-0.417957143353643,-2.85047635140993,-0.800849480079262,-4.56617429284507,-4.84800580705234,-4.42106294471171,-4.67586727094329,-5.42089001971627,-5.32560953997713,-4.70889417967707,-5.23946995768885,-5.09012118774644,-5.87968909974092,0,0,0,0,0.659295552472903,0.61045284574236,0.586968453526245,-2086.94560717739
2.01555462960285,-0.0555885386372115,-0.00346464957740646,0.0147475995220218,2.21561783665872,0.27937117078296,0.340363879448978,-0.0879433891743113,-0.557560346017848,-0.284505373121822,0.108178853897747,-0.40700309113445,1.40500475530373,-0.325600873565118,-0.798627565136293,-3.04745839616641,-2.99975990720901,-0.664043341962825,-0.41853732823464,-2.83629467944554,-0.782790653756244,-4.55639178629095,-4.85534693097262,-4.42173670535575,-4.68322787594306,-5.4139348812476,-5.31672239212492,-4.69388615010076,-5.23263698348334,-5.09359643108325,-5.8968361536594,0,0,0,0,0.660762716351454,0.62452932955773,0.574467842903513,-2084.60643299903
2.03786823795705,-0.0553485661308196,-0.00352873919978213,0.0142331419450815,2.19279732257957,0.301043758804324,0.343961053211819,-0.121711319910171,-0.579595352585478,-0.294065871153664,0.118472300832212,-0.399424249333331,1.41899751999475,-0.329175274381643,-0.759197142756452,-3.04192578226634,-2.9990330611898,-0.666673413912675,-0.420490944254376,-2.79870436392032,-0.732749463422906,-4.53523574327536,-4.87700488717417,-4.38677143653237,-4.69048372171498,-5.39971277724486,-5.30193952084237,-4.69204082435752,-5.21447992875456,-5.10459800789137,-5.93158960021821,0,0,0,0,0.648742450025407,0.62206100685994,0.577109118620152,-2079.74161980716
2.26872473390751,-0.0509899146179588,-0.0032506166061551,0.0122051591162161,2.11922016613577,0.348201176198256,0.359320413764137,-0.452773712246576,-0.850623025177804,-0.427783945524167,0.10868362715715,-0.302338619296872,1.51391569829396,-0.332979079386278,-0.504837393218671,-2.96951899351017,-2.99007734347993,-0.685261736276157,-0.443953567313887,-2.33445030479097,-0.174123964677691,-4.29156249318098,-5.09360006770052,-4.11520631206651,-4.69194385786742,-5.35785316554446,-5.19278961045621,-4.49399249185144,-4.91576567657418,-5.23992815089524,-6.39550935320988,0,0,0,0,0.785613509122786,0.377844962818546,0.315975805820036,-2060.42772078146
2.46702918641837,-0.051022723080111,-0.00339438833064352,0.00879186585447394,2.05391206084658,0.15963576752687,0.403628126479735,-0.72615090993741,-1.12147772034112,-0.547132839628419,-0.0264016116591071,-0.211343045057373,1.53068522107745,-0.328815548553125,-0.41705417001314,-2.90500236908307,-2.98114620769266,-0.624571273065438,-0.467342252399684,-1.86056794006571,0.310886503116853,-4.05063730866574,-5.20852519273619,-4.07996138610303,-4.55903427669845,-5.34344049570493,-5.1283400859846,-4.17201363348237,-4.66750108045602,-5.3787563937729,-6.88987213531283,0,0,0,0,0.658884573671789,0.416127495129585,0.311654073428096,-2019.49600072104
2.59319124404577,-0.0481570453427607,-0.00272729447162299,0.000592803183244943,1.99934623911713,0.202606998723776,0.432734714593891,-0.946709426839007,-1.37300139822149,-0.610887161907703,-0.107016260314791,-0.144938035697075,1.50349221284977,-0.31380445005853,-0.347550378881156,-2.84600086403736,-2.97316086240087,-0.584100326208823,-0.488027367062522,-1.40551551409055,0.609248275565126,-3.87353894373847,-5.16870595131384,-4.23531828972515,-4.1207782464562,-5.38036746342771,-4.95169007911753,-4.20982103063645,-4.45772324069328,-5.51378477016295,-7.34832413737309,0,0,0,0,0.579846366970067,0.412759913066245,0.286182532900037,-1999.86304973851
2.5910208786547,-0.0471766726874893,-0.00281910383606125,-0.00399922606618824,1.99210190879688,0.149701886458714,0.440852562141891,-0.987924738866564,-1.47100263931452,-0.5693759259867,-0.0456499084711581,-0.107290463170673,1.55728305942077,-0.307984552858693,-0.318012149751743,-2.83025434939806,-2.97060181062367,-0.501694062535481,-0.4931811564374,-1.21051771876829,0.589175676418224,-3.88823943913988,-5.01407500631312,-4.22270511604417,-4.11071883225501,-5.48088375533455,-4.80954417759263,-4.2218057588431,-4.42903679132109,-5.56857858775991,-7.46628744990807,0,0,0,0,0.532504349806244,0.398789882181538,0.270331742735627,-1986.90406529645
2.45595548924481,-0.0457115121939552,-0.00170098064378013,-0.0348152343682172,2.1525724309049,0.441718914974188,0.447256428768289,-1.2724120397162,-1.94958072071237,-0.135810191862338,-0.520178565096151,-0.03741379167877,1.70949971623304,-0.21689359418554,-0.0536145556869442,-2.80352250508391,-2.96174409401404,-0.103933825604288,-0.4975394010789,-0.206321438726202,-0.0445620178996676,-3.98152745293553,-4.12125509716993,-4.1477509327926,-4.39379606350285,-5.1545554485057,-4.79772178992415,-4.15118645053073,-4.46352111015246,-5.85226907198046,-7.96632332231163,0,0,0,0,0.598869871949394,0.460335096032403,0.296063264844018,-1963.57655991892
2.28212131075588,-0.0479443396254549,-0.00211166333507582,-0.0318105710949425,2.05741503991564,0.412603103223596,0.44818682796409,-1.16242581081624,-2.1541959119943,0.191571112290773,-0.387767266827896,0.0211180637085365,1.84719915162121,-0.0494792526564048,0.00597001838277907,-2.87226337161927,-2.9607906840529,-0.586353670453111,-0.466932564917095,0.22117956907146,-0.462017594948725,-4.07289073509791,-4.13119426310868,-4.13416914325161,-4.32401144418284,-4.8992599014061,-4.87807645537715,-3.95018651523101,-4.51584988143749,-5.95880236323505,-8.05904134610758,0,0,0,0,0.525697161732013,0.448067499642228,0.272789125965108,-1950.70964293585
2.22587132401912,-0.048173112240445,-0.00190880167588472,-0.0281300125786081,2.06784058101064,0.387143813376487,0.439547269577459,-1.12042373109395,-2.19554543412311,0.268340810460665,-0.333898955571601,0.0343273010047991,1.83444095610969,-0.0069453274611006,-0.0134455798899682,-2.90302945368237,-2.96128166833099,-0.556620239840555,-0.456530299448524,0.288197484953292,-0.544265062434092,-4.05473934775798,-4.23304544979577,-4.11437287302495,-4.30726208567447,-4.808654045024,-4.86068091590333,-3.94720162563004,-4.52198062210764,-5.97177937996698,-8.08816883383259,0,0,0,0,0.508059853717931,0.423990841488454,0.286239162301973,-1945.97884064777
2.13298827408876,-0.0482623450360987,-0.00226685060779598,-0.0224980072048288,2.03683989018074,0.395488882137111,0.430789680577001,-1.04908443714178,-2.24207964462414,0.370965330575209,-0.346540502700616,0.0352144279855305,1.87847871473187,0.036804411706963,0.00463706773594984,-2.95451198467875,-2.96242010900879,-0.485879259339835,-0.440885369825262,0.332819769030887,-0.59349707142004,-4.04336180077803,-4.363937066644,-4.0490113561766,-4.23062398246913,-4.83070483468812,-4.87497831434465,-3.9129706151649,-4.53742109109081,-5.97521183369882,-8.08378500990593,0,0,0,0,0.503171581445835,0.443610000357409,0.286531606158307,-1939.56217937104
2.09124599361816,-0.0480675506658336,-0.00217060565466972,-0.0222856261328788,2.02653442372528,0.403282755020125,0.433036528282997,-1.02576478893481,-2.25891546487961,0.39232244961549,-0.355290336272045,0.0274207209593858,1.85681701428375,0.0480645547865048,-0.0182592098993129,-2.98841563894568,-2.96331913608695,-0.507828875339794,-0.431828717764693,0.320022951583752,-0.566788689853989,-3.99562622185936,-4.36690829758548,-4.04028156703178,-4.25631190477813,-4.84988121568221,-4.86573313365169,-3.92742517429091,-4.54706276175462,-5.96374616642939,-8.10377143152311,0,0,0,0,0.48695894282509,0.450306426340934,0.283016121776633,-1936.04290225814
1.86570720365218,-0.0452621888873225,-0.0046442752428196,-0.0288915079135106,2.30678084278,0.243850100399221,0.424033929597762,-1.01324423022684,-2.39083333552942,0.505228307044422,-0.195575963289802,-0.0715982003523612,1.98073784734191,-0.100846578277891,0.239105540195907,-3.39595843923231,-2.97527260968676,-0.653320639145222,-0.347677828538205,0.10470417742159,-0.0397254247873059,-3.61573739318502,-4.2765848407674,-4.39909000775064,-4.35674951593909,-4.7889460726311,-4.71573401973687,-3.91835402465128,-4.97185734320818,-5.80296542845238,-8.10432286219367,0,0,0,0,0.543506756090836,0.42684220995218,0.403279088395304,-1925.134933057
1.98847889894615,-0.0454778503250739,-0.00443694853575781,-0.0292662610728944,2.24235669278481,0.208710102801337,0.412812490834798,-0.96308871425874,-2.3835641268104,0.356297756631857,-0.0656407217079399,-0.0700541318484736,1.9606054785808,-0.177976992164262,0.156197926340348,-3.49806557848238,-2.97838477364311,-0.594764255145225,-0.356385909194585,0.143841781201575,0.0486412656377159,-3.54836654000947,-4.16405225535939,-4.29755390966031,-4.26738282199404,-4.74978535090642,-4.87935043038262,-3.93997683382525,-5.12192565778203,-5.79021632370611,-8.10731455731633,0,0,0,0,0.534009054199059,0.408135897481719,0.365811097128571,-1919.61637645116
2.11654094029202,-0.0449351355284419,-0.00468757330168183,-0.0291967777655505,2.25023486757382,0.207413753150249,0.40465658571073,-0.977287819834296,-2.3431862419183,0.145517582191616,-0.018721200923909,-0.0655326160928622,1.94362120032119,-0.173988426795333,0.161295828691594,-3.63612754085834,-2.98310149416813,-0.573767346707768,-0.388100086814285,0.268824834967107,0.0640800094384489,-3.45643369851785,-4.15992860416722,-4.28057475659932,-4.2716851493939,-4.83000090221483,-4.93172005580568,-3.9658805197168,-4.99191618687445,-5.80036779013234,-8.06224000777887,0,0,0,0,0.516818255456592,0.434355667968626,0.377611881451067,-1912.56940933345
2.2342731261696,-0.0454447559554172,-0.00473000368679921,-0.0288384944310433,2.19586278525785,0.231051237433486,0.418137320775738,-1.05304648983388,-2.30860054940724,0.0766269762476666,-0.122204161840782,-0.061543107553427,1.85234848431704,-0.243118436963086,0.0846805638882986,-3.76271059221394,-2.98769107388107,-0.604622801434722,-0.418792080164485,0.344973814341909,0.0804196908957602,-3.37291764833131,-4.23701684205744,-4.20089823852545,-4.24992286682076,-4.89944982101488,-4.72885377294983,-3.90967009401462,-5.13018169819502,-5.81414833196363,-8.03982179330841,0,0,0,0,0.536535946834312,0.432261936387394,0.369975909253421,-1907.10344337037
2.21032932321518,-0.0456083856323195,-0.00459635038180664,-0.0241885287074272,2.19756616043196,0.263259915119741,0.386383741336837,-0.984552516178421,-2.3764930224231,0.454288796187031,-0.0470831884093934,-0.027619283533702,1.69559257479668,-0.195518457185686,-0.0540306249586496,-3.9428888411198,-2.9950958986376,-0.545120596236808,-0.452022607908209,0.0164591801963281,0.409053924720577,-3.37519233582224,-4.1890051037661,-4.00482544528136,-4.17658793116293,-4.85522106857711,-4.74531541765819,-3.91205113070513,-4.90566946352042,-5.80018048233046,-8.03436564208334,0,0,0,0,0.51016258196818,0.4581780036843,0.368616011476122,-1897.04284986072
2.40588109770897,-0.0475592576473819,-0.00510546932190761,-0.0123320315101055,2.07183634327617,0.242684483368708,0.341259990721489,-0.606182964896015,-2.52704292093277,0.150486583611428,-0.127386212957498,-0.0226515323737945,1.89969405752815,-0.0663877754813556,0.0257552898442301,-3.97477167144443,-2.99918682217062,-0.475159683305351,-0.375353801726772,-0.234693547108583,0.140499124946261,-2.97377997860348,-4.26914311010691,-3.95729435911747,-4.175833114632,-4.8256023570931,-4.6302922601896,-3.91197083024242,-4.80642331644072,-5.73593836345048,-8.19425053369834,0,0,0,0,0.463758271515123,0.435219568571879,0.32977274331874,-1891.69864726304
2.3703066696532,-0.04732476035229,-0.00526648410413174,-0.0143196625740402,2.07580941361782,0.24146013440748,0.357387923963072,-0.729828517276157,-2.54421359296642,0.0842561179246735,-0.0798173586157561,-0.0238174627465288,1.90898688718485,-0.0165670421712575,0.011602116532521,-3.98954801418163,-3.00052325086802,-0.464166412441446,-0.353446783436715,-0.219224643574959,0.071263463372187,-2.8962929570485,-4.29336288095891,-3.92367874226915,-4.15032705859407,-4.86925863697512,-4.65987607382757,-3.89548007189956,-4.80404762692186,-5.71668585805819,-8.24658351906139,0,0,0,0,0.462676134922702,0.449194903477467,0.328087786725186,-1890.12011069868
2.33314644563724,-0.0472422751827706,-0.00522257442458912,-0.0142831958491199,2.0798778461129,0.245351237286174,0.357852761351827,-0.73238140226693,-2.55637639227266,0.0457999052652884,-0.0791858685654208,-0.0246235288072296,1.90332924066426,0.00145401503325996,0.00699348169488645,-4.01209238448955,-3.00183351867234,-0.461498360452293,-0.354405871982602,-0.147616959746227,0.107350553610825,-2.91068339263064,-4.29387507658036,-3.91722112773163,-4.14785727046562,-4.86953508901238,-4.65657052486826,-3.89342891137702,-4.80382297274979,-5.70974531034468,-8.27223232630944,0,0,0,0,0.462963143613252,0.452297105712896,0.33121591773321,-1889.43005318336
2.33821949831048,-0.0473570335381343,-0.00519104473116469,-0.0145465966359771,2.0815647137818,0.246727101289676,0.359457281407392,-0.750754824606362,-2.56841454482205,0.0250870810591642,-0.0772433392172846,-0.0255699617616918,1.89359534968682,-0.0257805224043778,-0.000589252054901885,-4.03554849691856,-3.00297067095981,-0.464455880791476,-0.3690387776709,-0.131594561450991,0.112726474639414,-2.91835791949116,-4.29686116107454,-3.90882970700536,-4.14128831376866,-4.87468784979805,-4.6557059756472,-3.88726288465013,-4.78132247970417,-5.69769694088871,-8.29264343215077,0,0,0,0,0.461413482654172,0.455680485941964,0.333197656235183,-1888.94553125254
2.31587974804468,-0.0468884198182455,-0.00578621634770512,-0.0168070867925702,2.15133070909998,0.249715493629815,0.360180987615464,-0.839695486909164,-2.68625816038449,-0.0996134614864726,-0.0285715369777115,-0.0258368400527483,1.91341885181659,0.156355120116024,-0.0224587542673975,-4.2715360309234,-3.01214757092735,-0.466043074071337,-0.343840303609706,-0.00524138352887446,0.272310112325232,-2.6667780753492,-4.26713747857675,-3.88779545369634,-4.11351993256424,-4.95471495368188,-4.70418804232631,-3.88859880669616,-4.84239857403004,-5.61306020657669,-8.39654789103182,0,0,0,0,0.502365087723698,0.495706591248869,0.351436186709474,-1886.44143754925
2.31815506318839,-0.046889682612,-0.00569955336366574,-0.0171327269539448,2.15229327657662,0.251766274011902,0.361119822329282,-0.859708199969482,-2.69465682247337,-0.142665989426328,-0.0318351632572241,-0.0284359623152839,1.90107463673517,0.177570526906839,-0.0236470854273522,-4.29285271868137,-3.01298095336924,-0.464112527263007,-0.328998212824372,0.00943507715684907,0.290145409073736,-2.69539854684461,-4.26423896273224,-3.87622422020619,-4.10440679028397,-4.95233444116533,-4.69062217421087,-3.87751697016017,-4.83046989313472,-5.59817919992912,-8.42289905576028,0,0,0,0,0.499194718952102,0.497392850436706,0.353378598550198,-1886.05801404421
2.31020131183272,-0.0468892991284708,-0.00569957626711601,-0.0171546439775773,2.15306797647586,0.252337080209567,0.361723259752367,-0.862356021170089,-2.69761236395157,-0.153342182170474,-0.0315251495238366,-0.028513506966546,1.90085852500771,0.167614111173559,-0.025137623323697,-4.29769448760778,-3.01317558287033,-0.464485006193529,-0.331538749804039,0.0159142558094278,0.294438339094968,-2.69506829610968,-4.26569825393093,-3.87508328214938,-4.10385128141336,-4.95307450006913,-4.69071509896818,-3.8767883731335,-4.82769657097929,-5.59530552993364,-8.42884896914356,0,0,0,0,0.498913534553807,0.498255324578869,0.353731194899122,-1885.96588572714
2.31067978576195,-0.0469005174179911,-0.00569361832514521,-0.0171975634822556,2.15358641366509,0.252462324607759,0.361815622224941,-0.864968516020296,-2.69920938067601,-0.159045781296002,-0.0314808144104691,-0.0286233919561811,1.89994875578635,0.167546096379132,-0.0254780554922073,-4.30179161322933,-3.01333298694094,-0.464559884991295,-0.336551913423198,0.0177821612278926,0.296952852341672,-2.69611509164775,-4.2653141744579,-3.87351535486146,-4.10248886629093,-4.95327363298885,-4.68973099763757,-3.87538084341028,-4.8257304164394,-5.59293523383385,-8.43307048404822,0,0,0,0,0.498776624341903,0.498681138690011,0.353980946820068,-1885.91108616741
2.31064566174778,-0.0469011150620531,-0.00569339996526847,-0.0171994619461785,2.15361592347509,0.252472403474954,0.361823993562226,-0.865087369019102,-2.69929579379848,-0.159366549610783,-0.0314781828870728,-0.0286450302152946,1.89991082711085,0.167376706346809,-0.0255112232196798,-4.30201137459719,-3.01334124838816,-0.464569385105103,-0.336233864826652,0.0178833684121423,0.29709563722153,-2.69616071034664,-4.26530947278266,-3.87345080077875,-4.10243579610633,-4.95329392902398,-4.68970312148044,-3.87532757624855,-4.82560895549798,-5.59280573667822,-8.43327853941442,0,0,0,0,0.498770189733154,0.498705801986332,0.353994796337885,-1885.90834661718
2.3105455130743,-0.0469011620510251,-0.0056932400174194,-0.01720099213686,2.15364122286774,0.252482810676318,0.361833473474104,-0.865188644978716,-2.69936807118682,-0.159708573430045,-0.0314772267139567,-0.02864687567519,1.89989674909012,0.167343788897547,-0.0255268284187703,-4.30219316430395,-3.01334787123296,-0.46457220574666,-0.336384688805926,0.0179431173833794,0.297226362431402,-2.69619736251202,-4.26530875809951,-3.87339846134028,-4.10239357265468,-4.95330127934124,-4.68966973741445,-3.87528018690427,-4.82555520394847,-5.59270940081967,-8.43346606325032,0,0,0,0,0.498763729198264,0.498725976043586,0.354006425143354,-1885.90599942544
2.31056272195009,-0.046901663082457,-0.00569311289296025,-0.017202312208851,2.15366442394805,0.252484522190641,0.361836008176913,-0.865268732946601,-2.69941277701216,-0.159913231214702,-0.0314765798853939,-0.0286580031958783,1.8998782270112,0.167271459914396,-0.0255410721064077,-4.30235577700758,-3.01335393237849,-0.464575104823465,-0.336389826464001,0.0180659947409025,0.297330050622959,-2.69620478993367,-4.26529547151629,-3.87334995071465,-4.10235036074979,-4.95331438317063,-4.68964195479656,-3.87523882051551,-4.82547615264417,-5.59261887439497,-8.43362162685683,0,0,0,0,0.49875998824263,0.49874200398464,0.354013553520947,-1885.90406259623
2.31054206929926,-0.0469016759978761,-0.00569307435061164,-0.0172025913689459,2.15366892917373,0.252486877622582,0.361837816928948,-0.865286739040722,-2.69942606576215,-0.159978283637207,-0.0314761547220784,-0.0286584871890295,1.89987670958476,0.167261991492415,-0.0255446045959757,-4.30238996028485,-3.01335526572196,-0.46457656187694,-0.336395385697167,0.0180622046465199,0.297350534164685,-2.69621619163288,-4.26529566124902,-3.87334079091247,-4.10234320389994,-4.95331505173906,-4.68963719591157,-3.87523041196244,-4.82546699906254,-5.59260183211804,-8.43365613629842,0,0,0,0,0.498759252627508,0.498745478691488,0.354015956878464,-1885.90366812017
2.31054726343799,-0.046901776978627,-0.00569305854079749,-0.0172028592578514,2.15367387861927,0.252486780669967,0.361838255164514,-0.86530282598448,-2.69943416572244,-0.160020123712641,-0.0314762048777581,-0.0286608260615217,1.89987432333132,0.167248826021964,-0.0255469359971527,-4.30242425125324,-3.01335657411021,-0.464576526081257,-0.336402526122867,0.0180962517281398,0.297374253687945,-2.69621355801855,-4.26529247008784,-3.8733311413038,-4.10233430824971,-4.9533183146519,-4.68963099535849,-3.87522223512444,-4.82545083799274,-5.59258327053791,-8.43368957640502,0,0,0,0,0.49875820243929,0.498748810703416,0.354017196652766,-1885.90325954169
2.31053171225685,-0.0469018131703363,-0.00569301907660244,-0.0172031394704764,2.15367862020638,0.252488754439932,0.36183974496471,-0.865320631040516,-2.69944613689165,-0.160081573317295,-0.0314758184931927,-0.0286616434446779,1.89987308882886,0.1672377018226,-0.0255504280265416,-4.30245984043127,-3.01335800954759,-0.464578028269971,-0.336406953179505,0.0180963479570738,0.297394351743684,-2.69622398559345,-4.26529195685878,-3.87332155709541,-4.10232660917452,-4.95331915380521,-4.68962604315678,-3.87521356222066,-4.82544014978306,-5.59256589619797,-8.43372539625932,0,0,0,0,0.49875762398493,0.498752247433057,0.354019452015296,-1885.9028635814
2.3105289911515,-0.0469018810241432,-0.00569299882250478,-0.0172033936564495,2.15368315914476,0.252489347225207,0.361840567955352,-0.865336170716881,-2.6994550830334,-0.160127985369259,-0.0314757190651693,-0.0286632868721057,1.89987204988902,0.167226676708744,-0.0255529080412851,-4.30249234334035,-3.01335934499857,-0.464578395216272,-0.33641299908887,0.0181172002933279,0.297415757660516,-2.6962253475534,-4.26528999484527,-3.87331286571956,-4.10231892595349,-4.95332158044771,-4.68962079681805,-3.87520600052678,-4.8254273279736,-5.59254902421002,-8.43375839770886,0,0,0,0,0.498756712434588,0.498755397573009,0.354020951696398,-1885.90248592923
2.31052721438987,-0.0469018912567927,-0.00569299268904531,-0.017203444865856,2.1536840595923,0.252489602003574,0.361840785902906,-0.86533937461131,-2.69945707552947,-0.16013836194015,-0.0314756719158555,-0.0286635244546151,1.89987190593722,0.167224501869639,-0.025553491776475,-4.30249899064278,-3.01335966929306,-0.464578598174331,-0.336413963976471,0.0181189489369667,0.297419651266106,-2.69622661571737,-4.26528975995408,-3.87331108617145,-4.10231743730083,-4.95332185983247,-4.68961981558224,-3.87520442014422,-4.82542507539982,-5.59254568910835,-8.43376517351517,0,0,0,0,0.498756587501662,0.498756027994556,0.354021316238317,-1885.90241198572
2.31052695062352,-0.0469027496893523,-0.00572180281103283,-0.0172036166107472,2.1536842746366,0.252489735955571,0.361840263982255,-0.865339995617767,-2.6994574818691,-0.160140329183232,-0.0314756321125824,-0.0286636802341415,1.89987167182358,0.167224059139632,-0.0255536317392462,-4.30250027960778,-3.01335973473081,-0.464578614356303,-0.336414188113744,0.0181195570049953,0.297420445706893,-2.69622678259559,-4.26528969683139,-3.8733107200272,-4.10231714814138,-4.9533220308593,-4.68961962987676,-3.87520401730462,-4.82542462082008,-5.59254508566789,-8.4337666714059,0,0,0,0,0.498756225262875,0.498756206883066,0.354021435017311,-1885.86413260417
2.31052695019449,-0.0469027471233602,-0.00572200809098553,-0.0172035898209494,2.15368427956829,0.252489742018793,0.361840263157359,-0.865339992636146,-2.69945748179491,-0.160140330895654,-0.0314756289873566,-0.0286636833884008,1.89987166262164,0.167224058078745,-0.0255536328518695,-4.30250027977641,-3.01335973473159,-0.464578613741532,-0.336414188524869,0.0181195577211936,0.297420445136129,-2.6962267811695,-4.26528969619868,-3.87331071896193,-4.10231714776633,-4.95332203559817,-4.68961963012029,-3.87520401035713,-4.8254246210846,-5.59254508601993,-8.43376667655184,0,0,0,0,0.498756210524891,0.498756209906091,0.35402143951659,-1885.86387666087
2.31052695017504,-0.0469027470965464,-0.00572201627273677,-0.0172035891230874,2.15368427975983,0.252489742256921,0.36184026308135,-0.865339992513787,-2.69945748179194,-0.160140330964112,-0.0314756288632869,-0.0286636835142415,1.89987166225388,0.167224058036559,-0.0255536328982752,-4.30250027978316,-3.01335973473162,-0.464578613717035,-0.336414188541298,0.0181195577498378,0.29742044511336,-2.69622678111225,-4.26528969618164,-3.87331071891834,-4.10231714775089,-4.95332203578844,-4.6896196301299,-3.8752040100788,-4.8254246210946,-5.59254508603397,-8.43376667675751,0,0,0,0,0.49875620993847,0.498756210027132,0.354021439693949,-1885.86386645979
2.31052695017504,-0.0469027470965464,-0.00572201627273677,-0.0172035891230874,2.15368427975983,0.252489742256921,0.36184026308135,-0.865339992513787,-2.69945748179194,-0.160140330964112,-0.0314756288632869,-0.0286636835142415,1.89987166225388,0.167224058036559,-0.0255536328982752,-4.30250027978316,-3.01335973473162,-0.464578613717035,-0.336414188541298,0.0181195577498378,0.29742044511336,-2.69622678111225,-4.26528969618164,-3.87331071891834,-4.10231714775089,-4.95332203578844,-4.6896196301299,-3.8752040100788,-4.8254246210946,-5.59254508603397,-8.43376667675751,0,0,0,0,0.49875620993847,0.498756210027132,0.354021439693949,-1885.86386645979
2.31052695017504,-0.0469027470965464,-0.00572201627273677,-0.0172035891230874,2.15368427975983,0.252489742256921,0.36184026308135,-0.865339992513787,-2.69945748179194,-0.160140330964112,-0.0314756288632869,-0.0286636835142415,1.89987166225388,0.167224058036559,-0.0255536328982752,-4.30250027978316,-3.01335973473162,-0.464578613717035,-0.336414188541298,0.0181195577498378,0.29742044511336,-2.69622678111225,-4.26528969618164,-3.87331071891834,-4.10231714775089,-4.95332203578844,-4.6896196301299,-3.8752040100788,-4.8254246210946,-5.59254508603397,-8.43376667675751,0,0,0,0,0.49875620993847,0.498756210027132,0.354021439693949,-1885.86386645979
